date,datatype,value,attributes,station
1987-01-01T00:00:00,AWND,4,X,GHCND:USW00014764
1987-01-01T00:00:00,CDSD,167.3,,GHCND:USW00014764
1987-01-01T00:00:00,CLDD,167.3,0,GHCND:USW00014764
1987-01-01T00:00:00,DP01,120,0,GHCND:USW00014764
1987-01-01T00:00:00,DP10,75,0,GHCND:USW00014764
1987-01-01T00:00:00,DP1X,9,0,GHCND:USW00014764
1987-01-01T00:00:00,DSND,105,,GHCND:USW00014764
1987-01-01T00:00:00,DSNW,24,0,GHCND:USW00014764
1987-01-01T00:00:00,DT00,10,0,GHCND:USW00014764
1987-01-01T00:00:00,DT32,150,0,GHCND:USW00014764
1987-01-01T00:00:00,DX32,32,0,GHCND:USW00014764
1987-01-01T00:00:00,DX70,106,0,GHCND:USW00014764
1987-01-01T00:00:00,DX90,6,0,GHCND:USW00014764
1987-01-01T00:00:00,DYFG,165, ,GHCND:USW00014764
1987-01-01T00:00:00,DYHF,38, ,GHCND:USW00014764
1987-01-01T00:00:00,DYTS,14, ,GHCND:USW00014764
1987-01-01T00:00:00,EMNT,-23.9,"0,0215,+",GHCND:USW00014764
1987-01-01T00:00:00,EMSD,762," ,0,0201, ",GHCND:USW00014764
1987-01-01T00:00:00,EMSN,330," ,0,0102, ",GHCND:USW00014764
1987-01-01T00:00:00,EMXP,69.9," ,0,0331, ",GHCND:USW00014764
1987-01-01T00:00:00,EMXT,36.1,"0,0817, ",GHCND:USW00014764
1987-01-01T00:00:00,FZF0,0,"0,1005",GHCND:USW00014764
1987-01-01T00:00:00,FZF1,-2.2,"0,1014",GHCND:USW00014764
1987-01-01T00:00:00,FZF2,-5,"0,1106",GHCND:USW00014764
1987-01-01T00:00:00,FZF3,-10,"0,1121",GHCND:USW00014764
1987-01-01T00:00:00,FZF4,-10,"0,1121",GHCND:USW00014764
1987-01-01T00:00:00,FZF5,0,"0,0509",GHCND:USW00014764
1987-01-01T00:00:00,FZF6,-2.2,"0,0427",GHCND:USW00014764
1987-01-01T00:00:00,FZF7,-4.4,"0,0317",GHCND:USW00014764
1987-01-01T00:00:00,FZF8,-11.7,"0,0312",GHCND:USW00014764
1987-01-01T00:00:00,FZF9,-11.7,"0,0312",GHCND:USW00014764
1987-01-01T00:00:00,HDSD,4090.7,7,GHCND:USW00014764
1987-01-01T00:00:00,HTDD,4090.7,0,GHCND:USW00014764
1987-01-01T00:00:00,PRCP,1036.8," ,0",GHCND:USW00014764
1987-01-01T00:00:00,SNOW,2126," ,0",GHCND:USW00014764
1987-01-01T00:00:00,TAVG,7.72,0,GHCND:USW00014764
1987-01-01T00:00:00,TMAX,13.12,0,GHCND:USW00014764
1987-01-01T00:00:00,TMIN,2.32,0,GHCND:USW00014764
1987-01-01T00:00:00,TSUN,143861,X,GHCND:USW00014764
1987-01-01T00:00:00,WDF1,80,X,GHCND:USW00014764
1987-01-01T00:00:00,WDFG,315,X,GHCND:USW00014764
1987-01-01T00:00:00,WSF1,14.8,X,GHCND:USW00014764
1987-01-01T00:00:00,WSFG,21.6,X,GHCND:USW00014764
1988-01-01T00:00:00,AWND,4.3,X,GHCND:USW00014764
1988-01-01T00:00:00,CDSD,296.9,,GHCND:USW00014764
1988-01-01T00:00:00,CLDD,296.9,0,GHCND:USW00014764
1988-01-01T00:00:00,DP01,131,0,GHCND:USW00014764
1988-01-01T00:00:00,DP10,79,0,GHCND:USW00014764
1988-01-01T00:00:00,DP1X,12,0,GHCND:USW00014764
1988-01-01T00:00:00,DSND,62,,GHCND:USW00014764
1988-01-01T00:00:00,DSNW,11,0,GHCND:USW00014764
1988-01-01T00:00:00,DT00,11,0,GHCND:USW00014764
1988-01-01T00:00:00,DT32,144,0,GHCND:USW00014764
1988-01-01T00:00:00,DX32,42,0,GHCND:USW00014764
1988-01-01T00:00:00,DX70,103,0,GHCND:USW00014764
1988-01-01T00:00:00,DX90,15,0,GHCND:USW00014764
1988-01-01T00:00:00,DYFG,170, ,GHCND:USW00014764
1988-01-01T00:00:00,DYHF,32, ,GHCND:USW00014764
1988-01-01T00:00:00,DYTS,29, ,GHCND:USW00014764
1988-01-01T00:00:00,EMNT,-25,"0,0206,+",GHCND:USW00014764
1988-01-01T00:00:00,EMSD,406," ,0,0214,+",GHCND:USW00014764
1988-01-01T00:00:00,EMSN,323," ,0,0212, ",GHCND:USW00014764
1988-01-01T00:00:00,EMXP,63.5," ,0,1102, ",GHCND:USW00014764
1988-01-01T00:00:00,EMXT,36.1,"0,0615, ",GHCND:USW00014764
1988-01-01T00:00:00,FZF0,-1.1,"0,1007",GHCND:USW00014764
1988-01-01T00:00:00,FZF1,-2.8,"0,1020",GHCND:USW00014764
1988-01-01T00:00:00,FZF2,-4.4,"0,1021",GHCND:USW00014764
1988-01-01T00:00:00,FZF3,-7.2,"0,1204",GHCND:USW00014764
1988-01-01T00:00:00,FZF4,-10.6,"0,1205",GHCND:USW00014764
1988-01-01T00:00:00,FZF5,0,"0,0426",GHCND:USW00014764
1988-01-01T00:00:00,FZF6,-3.3,"0,0414",GHCND:USW00014764
1988-01-01T00:00:00,FZF7,-8.9,"0,0323",GHCND:USW00014764
1988-01-01T00:00:00,FZF8,-8.9,"0,0323",GHCND:USW00014764
1988-01-01T00:00:00,FZF9,-8.9,"0,0323",GHCND:USW00014764
1988-01-01T00:00:00,HDSD,4023.5,5,GHCND:USW00014764
1988-01-01T00:00:00,HTDD,4023.5,0,GHCND:USW00014764
1988-01-01T00:00:00,PRCP,1108.6," ,0",GHCND:USW00014764
1988-01-01T00:00:00,SNOW,1307," ,0",GHCND:USW00014764
1988-01-01T00:00:00,TAVG,8.07,0,GHCND:USW00014764
1988-01-01T00:00:00,TMAX,13.39,0,GHCND:USW00014764
1988-01-01T00:00:00,TMIN,2.75,0,GHCND:USW00014764
1988-01-01T00:00:00,TSUN,153186,X,GHCND:USW00014764
1988-01-01T00:00:00,WDF1,60,X,GHCND:USW00014764
1988-01-01T00:00:00,WDFG,180,X,GHCND:USW00014764
1988-01-01T00:00:00,WSF1,13.9,X,GHCND:USW00014764
1988-01-01T00:00:00,WSFG,21.6,X,GHCND:USW00014764
1989-01-01T00:00:00,AWND,4.1,X,GHCND:USW00014764
1989-01-01T00:00:00,CDSD,200.1,,GHCND:USW00014764
1989-01-01T00:00:00,CLDD,200.1,0,GHCND:USW00014764
1989-01-01T00:00:00,DP01,132,0,GHCND:USW00014764
1989-01-01T00:00:00,DP10,73,0,GHCND:USW00014764
1989-01-01T00:00:00,DP1X,9,0,GHCND:USW00014764
1989-01-01T00:00:00,DSND,67,,GHCND:USW00014764
1989-01-01T00:00:00,DSNW,15,0,GHCND:USW00014764
1989-01-01T00:00:00,DT00,14,0,GHCND:USW00014764
1989-01-01T00:00:00,DT32,157,0,GHCND:USW00014764
1989-01-01T00:00:00,DX32,62,0,GHCND:USW00014764
1989-01-01T00:00:00,DX70,115,0,GHCND:USW00014764
1989-01-01T00:00:00,DX90,4,0,GHCND:USW00014764
1989-01-01T00:00:00,DYFG,189, ,GHCND:USW00014764
1989-01-01T00:00:00,DYHF,41, ,GHCND:USW00014764
1989-01-01T00:00:00,DYTS,17, ,GHCND:USW00014764
1989-01-01T00:00:00,EMNT,-25,"0,1224, ",GHCND:USW00014764
1989-01-01T00:00:00,EMSD,254," ,0,1219,+",GHCND:USW00014764
1989-01-01T00:00:00,EMSN,196," ,0,1216, ",GHCND:USW00014764
1989-01-01T00:00:00,EMXP,84.3," ,0,0511, ",GHCND:USW00014764
1989-01-01T00:00:00,EMXT,35,"0,0726, ",GHCND:USW00014764
1989-01-01T00:00:00,FZF0,0,"0,0925",GHCND:USW00014764
1989-01-01T00:00:00,FZF1,-2.8,"0,1010",GHCND:USW00014764
1989-01-01T00:00:00,FZF2,-4.4,"0,1113",GHCND:USW00014764
1989-01-01T00:00:00,FZF3,-7.8,"0,1121",GHCND:USW00014764
1989-01-01T00:00:00,FZF4,-11.1,"0,1123",GHCND:USW00014764
1989-01-01T00:00:00,FZF5,-1.7,"0,0429",GHCND:USW00014764
1989-01-01T00:00:00,FZF6,-3.3,"0,0425",GHCND:USW00014764
1989-01-01T00:00:00,FZF7,-4.4,"0,0412",GHCND:USW00014764
1989-01-01T00:00:00,FZF8,-8.3,"0,0323",GHCND:USW00014764
1989-01-01T00:00:00,FZF9,-9.4,"0,0320",GHCND:USW00014764
1989-01-01T00:00:00,HDSD,4006.2,2,GHCND:USW00014764
1989-01-01T00:00:00,HTDD,4006.2,0,GHCND:USW00014764
1989-01-01T00:00:00,PRCP,1056," ,0",GHCND:USW00014764
1989-01-01T00:00:00,SNOW,1223," ,0",GHCND:USW00014764
1989-01-01T00:00:00,TAVG,7.31,0,GHCND:USW00014764
1989-01-01T00:00:00,TMAX,12.61,0,GHCND:USW00014764
1989-01-01T00:00:00,TMIN,2,0,GHCND:USW00014764
1989-01-01T00:00:00,TSUN,153151,X,GHCND:USW00014764
1989-01-01T00:00:00,WDF1,320,X,GHCND:USW00014764
1989-01-01T00:00:00,WDFG,315,X,GHCND:USW00014764
1989-01-01T00:00:00,WSF1,14.3,X,GHCND:USW00014764
1989-01-01T00:00:00,WSFG,22.1,X,GHCND:USW00014764
1990-01-01T00:00:00,AWND,3.9,X,GHCND:USW00014764
1990-01-01T00:00:00,CDSD,224.4,,GHCND:USW00014764
1990-01-01T00:00:00,CLDD,224.4,0,GHCND:USW00014764
1990-01-01T00:00:00,DP01,133,0,GHCND:USW00014764
1990-01-01T00:00:00,DP10,80,0,GHCND:USW00014764
1990-01-01T00:00:00,DP1X,12,0,GHCND:USW00014764
1990-01-01T00:00:00,DSND,55,,GHCND:USW00014764
1990-01-01T00:00:00,DSNW,11,0,GHCND:USW00014764
1990-01-01T00:00:00,DT00,3,0,GHCND:USW00014764
1990-01-01T00:00:00,DT32,132,0,GHCND:USW00014764
1990-01-01T00:00:00,DX32,23,0,GHCND:USW00014764
1990-01-01T00:00:00,DX70,101,0,GHCND:USW00014764
1990-01-01T00:00:00,DX90,5,0,GHCND:USW00014764
1990-01-01T00:00:00,DYFG,178, ,GHCND:USW00014764
1990-01-01T00:00:00,DYHF,56, ,GHCND:USW00014764
1990-01-01T00:00:00,DYTS,20, ,GHCND:USW00014764
1990-01-01T00:00:00,EMNT,-19.4,"0,0227, ",GHCND:USW00014764
1990-01-01T00:00:00,EMSD,457," ,0,0205, ",GHCND:USW00014764
1990-01-01T00:00:00,EMSN,290," ,0,0204, ",GHCND:USW00014764
1990-01-01T00:00:00,EMXP,119.4," ,0,1110, ",GHCND:USW00014764
1990-01-01T00:00:00,EMXT,33.3,"0,0718, ",GHCND:USW00014764
1990-01-01T00:00:00,FZF0,-0.6,"0,1021",GHCND:USW00014764
1990-01-01T00:00:00,FZF1,-2.2,"0,1027",GHCND:USW00014764
1990-01-01T00:00:00,FZF2,-4.4,"0,1112",GHCND:USW00014764
1990-01-01T00:00:00,FZF3,-6.7,"0,1206",GHCND:USW00014764
1990-01-01T00:00:00,FZF4,-8.9,"0,1214",GHCND:USW00014764
1990-01-01T00:00:00,FZF5,-3.9,"0,0419",GHCND:USW00014764
1990-01-01T00:00:00,FZF6,-3.9,"0,0419",GHCND:USW00014764
1990-01-01T00:00:00,FZF7,-4.4,"0,0413",GHCND:USW00014764
1990-01-01T00:00:00,FZF8,-6.7,"0,0329",GHCND:USW00014764
1990-01-01T00:00:00,FZF9,-10,"0,0328",GHCND:USW00014764
1990-01-01T00:00:00,HDSD,4082.2,2,GHCND:USW00014764
1990-01-01T00:00:00,HTDD,4082.2,0,GHCND:USW00014764
1990-01-01T00:00:00,PRCP,1338.6," ,0",GHCND:USW00014764
1990-01-01T00:00:00,SNOW,1430," ,0",GHCND:USW00014764
1990-01-01T00:00:00,TAVG,8.93,0,GHCND:USW00014764
1990-01-01T00:00:00,TMAX,14.07,0,GHCND:USW00014764
1990-01-01T00:00:00,TMIN,3.78,0,GHCND:USW00014764
1990-01-01T00:00:00,TSUN,141166,X,GHCND:USW00014764
1990-01-01T00:00:00,WDF1,100,X,GHCND:USW00014764
1990-01-01T00:00:00,WDFG,315,X,GHCND:USW00014764
1990-01-01T00:00:00,WSF1,13.9,X,GHCND:USW00014764
1990-01-01T00:00:00,WSFG,24.7,X,GHCND:USW00014764
1991-01-01T00:00:00,AWND,4,X,GHCND:USW00014764
1991-01-01T00:00:00,CDSD,271.7,,GHCND:USW00014764
1991-01-01T00:00:00,CLDD,271.7,0,GHCND:USW00014764
1991-01-01T00:00:00,DP01,122,0,GHCND:USW00014764
1991-01-01T00:00:00,DP10,70,0,GHCND:USW00014764
1991-01-01T00:00:00,DP1X,15,0,GHCND:USW00014764
1991-01-01T00:00:00,DSND,53,,GHCND:USW00014764
1991-01-01T00:00:00,DSNW,12,0,GHCND:USW00014764
1991-01-01T00:00:00,DT00,2,0,GHCND:USW00014764
1991-01-01T00:00:00,DT32,140,0,GHCND:USW00014764
1991-01-01T00:00:00,DX32,37,0,GHCND:USW00014764
1991-01-01T00:00:00,DX70,111,0,GHCND:USW00014764
1991-01-01T00:00:00,DX90,9,0,GHCND:USW00014764
1991-01-01T00:00:00,DYFG,154, ,GHCND:USW00014764
1991-01-01T00:00:00,DYHF,34, ,GHCND:USW00014764
1991-01-01T00:00:00,DYTS,14, ,GHCND:USW00014764
1991-01-01T00:00:00,EMNT,-18.9,"0,1220, ",GHCND:USW00014764
1991-01-01T00:00:00,EMSD,254," ,0,0114,+",GHCND:USW00014764
1991-01-01T00:00:00,EMSN,216," ,0,0112, ",GHCND:USW00014764
1991-01-01T00:00:00,EMXP,196.9," ,0,0819, ",GHCND:USW00014764
1991-01-01T00:00:00,EMXT,36.7,"0,0628, ",GHCND:USW00014764
1991-01-01T00:00:00,FZF0,0,"0,1013",GHCND:USW00014764
1991-01-01T00:00:00,FZF1,-3.9,"0,1021",GHCND:USW00014764
1991-01-01T00:00:00,FZF2,-4.4,"0,1110",GHCND:USW00014764
1991-01-01T00:00:00,FZF3,-7.8,"0,1127",GHCND:USW00014764
1991-01-01T00:00:00,FZF4,-10.6,"0,1204",GHCND:USW00014764
1991-01-01T00:00:00,FZF5,-1.1,"0,0420",GHCND:USW00014764
1991-01-01T00:00:00,FZF6,-2.8,"0,0414",GHCND:USW00014764
1991-01-01T00:00:00,FZF7,-6.7,"0,0331",GHCND:USW00014764
1991-01-01T00:00:00,FZF8,-6.7,"0,0331",GHCND:USW00014764
1991-01-01T00:00:00,FZF9,-12.8,"0,0224",GHCND:USW00014764
1991-01-01T00:00:00,HDSD,3510.5,5,GHCND:USW00014764
1991-01-01T00:00:00,HTDD,3510.5,0,GHCND:USW00014764
1991-01-01T00:00:00,PRCP,1452.1," ,0",GHCND:USW00014764
1991-01-01T00:00:00,SNOW,1219," ,0",GHCND:USW00014764
1991-01-01T00:00:00,TAVG,8.85,0,GHCND:USW00014764
1991-01-01T00:00:00,TMAX,14.22,0,GHCND:USW00014764
1991-01-01T00:00:00,TMIN,3.47,0,GHCND:USW00014764
1991-01-01T00:00:00,TSUN,146169,X,GHCND:USW00014764
1991-01-01T00:00:00,WDF1,10,X,GHCND:USW00014764
1991-01-01T00:00:00,WDFG,360,X,GHCND:USW00014764
1991-01-01T00:00:00,WSF1,17.9,X,GHCND:USW00014764
1991-01-01T00:00:00,WSFG,27.2,X,GHCND:USW00014764
1992-01-01T00:00:00,AWND,4,X,GHCND:USW00014764
1992-01-01T00:00:00,CDSD,134.6,,GHCND:USW00014764
1992-01-01T00:00:00,CLDD,134.6,0,GHCND:USW00014764
1992-01-01T00:00:00,DP01,133,0,GHCND:USW00014764
1992-01-01T00:00:00,DP10,80,0,GHCND:USW00014764
1992-01-01T00:00:00,DP1X,7,0,GHCND:USW00014764
1992-01-01T00:00:00,DSND,34,,GHCND:USW00014764
1992-01-01T00:00:00,DSNW,11,0,GHCND:USW00014764
1992-01-01T00:00:00,DT00,6,0,GHCND:USW00014764
1992-01-01T00:00:00,DT32,154,0,GHCND:USW00014764
1992-01-01T00:00:00,DX32,37,0,GHCND:USW00014764
1992-01-01T00:00:00,DX70,99,0,GHCND:USW00014764
1992-01-01T00:00:00,DX90,1,0,GHCND:USW00014764
1992-01-01T00:00:00,DYFG,165, ,GHCND:USW00014764
1992-01-01T00:00:00,DYHF,47, ,GHCND:USW00014764
1992-01-01T00:00:00,DYTS,10, ,GHCND:USW00014764
1992-01-01T00:00:00,EMNT,-21.7,"0,0213, ",GHCND:USW00014764
1992-01-01T00:00:00,EMSD,279," ,0,0321, ",GHCND:USW00014764
1992-01-01T00:00:00,EMSN,274," ,0,0321, ",GHCND:USW00014764
1992-01-01T00:00:00,EMXP,60.7," ,0,0606, ",GHCND:USW00014764
1992-01-01T00:00:00,EMXT,32.2,"0,0522, ",GHCND:USW00014764
1992-01-01T00:00:00,FZF0,0,"0,0930",GHCND:USW00014764
1992-01-01T00:00:00,FZF1,-2.2,"0,1018",GHCND:USW00014764
1992-01-01T00:00:00,FZF2,-4.4,"0,1108",GHCND:USW00014764
1992-01-01T00:00:00,FZF3,-7.8,"0,1110",GHCND:USW00014764
1992-01-01T00:00:00,FZF4,-8.9,"0,1120",GHCND:USW00014764
1992-01-01T00:00:00,FZF5,-0.6,"0,0512",GHCND:USW00014764
1992-01-01T00:00:00,FZF6,-3.3,"0,0416",GHCND:USW00014764
1992-01-01T00:00:00,FZF7,-5.6,"0,0415",GHCND:USW00014764
1992-01-01T00:00:00,FZF8,-12.2,"0,0325",GHCND:USW00014764
1992-01-01T00:00:00,FZF9,-12.2,"0,0325",GHCND:USW00014764
1992-01-01T00:00:00,HDSD,4072.6,6,GHCND:USW00014764
1992-01-01T00:00:00,HTDD,4072.6,0,GHCND:USW00014764
1992-01-01T00:00:00,PRCP,979.1," ,0",GHCND:USW00014764
1992-01-01T00:00:00,SNOW,1046," ,0",GHCND:USW00014764
1992-01-01T00:00:00,TAVG,7.33,0,GHCND:USW00014764
1992-01-01T00:00:00,TMAX,12.37,0,GHCND:USW00014764
1992-01-01T00:00:00,TMIN,2.3,0,GHCND:USW00014764
1992-01-01T00:00:00,TSUN,140823,X,GHCND:USW00014764
1992-01-01T00:00:00,WDF1,170,X,GHCND:USW00014764
1992-01-01T00:00:00,WDFG,180,X,GHCND:USW00014764
1992-01-01T00:00:00,WSF1,16.1,X,GHCND:USW00014764
1992-01-01T00:00:00,WSFG,23.6,X,GHCND:USW00014764
1993-01-01T00:00:00,AWND,4.2,X,GHCND:USW00014764
1993-01-01T00:00:00,CDSD,230.9,,GHCND:USW00014764
1993-01-01T00:00:00,CLDD,230.9,0,GHCND:USW00014764
1993-01-01T00:00:00,DP01,153,0,GHCND:USW00014764
1993-01-01T00:00:00,DP10,88,0,GHCND:USW00014764
1993-01-01T00:00:00,DP1X,8,0,GHCND:USW00014764
1993-01-01T00:00:00,DSND,81,,GHCND:USW00014764
1993-01-01T00:00:00,DSNW,24,0,GHCND:USW00014764
1993-01-01T00:00:00,DT00,12,0,GHCND:USW00014764
1993-01-01T00:00:00,DT32,162,0,GHCND:USW00014764
1993-01-01T00:00:00,DX32,51,0,GHCND:USW00014764
1993-01-01T00:00:00,DX70,103,0,GHCND:USW00014764
1993-01-01T00:00:00,DX90,9,0,GHCND:USW00014764
1993-01-01T00:00:00,DYFG,163, ,GHCND:USW00014764
1993-01-01T00:00:00,DYHF,33, ,GHCND:USW00014764
1993-01-01T00:00:00,DYTS,23, ,GHCND:USW00014764
1993-01-01T00:00:00,EMNT,-26.7,"0,0207, ",GHCND:USW00014764
1993-01-01T00:00:00,EMSD,864," ,0,0314, ",GHCND:USW00014764
1993-01-01T00:00:00,EMSN,429," ,0,0313, ",GHCND:USW00014764
1993-01-01T00:00:00,EMXP,44.7," ,0,1221, ",GHCND:USW00014764
1993-01-01T00:00:00,EMXT,36.7,"0,0710, ",GHCND:USW00014764
1993-01-01T00:00:00,FZF0,-0.6,"0,1001",GHCND:USW00014764
1993-01-01T00:00:00,FZF1,-2.8,"0,1010",GHCND:USW00014764
1993-01-01T00:00:00,FZF2,-4.4,"0,1011",GHCND:USW00014764
1993-01-01T00:00:00,FZF3,-7.2,"0,1108",GHCND:USW00014764
1993-01-01T00:00:00,FZF4,-11.7,"0,1125",GHCND:USW00014764
1993-01-01T00:00:00,FZF5,-0.6,"0,0429",GHCND:USW00014764
1993-01-01T00:00:00,FZF6,-3.3,"0,0408",GHCND:USW00014764
1993-01-01T00:00:00,FZF7,-5.6,"0,0407",GHCND:USW00014764
1993-01-01T00:00:00,FZF8,-8.3,"0,0323",GHCND:USW00014764
1993-01-01T00:00:00,FZF9,-14.4,"0,0320",GHCND:USW00014764
1993-01-01T00:00:00,HDSD,4206,0,GHCND:USW00014764
1993-01-01T00:00:00,HTDD,4206,0,GHCND:USW00014764
1993-01-01T00:00:00,PRCP,1114.9," ,0",GHCND:USW00014764
1993-01-01T00:00:00,SNOW,3130," ,0",GHCND:USW00014764
1993-01-01T00:00:00,TAVG,7.52,0,GHCND:USW00014764
1993-01-01T00:00:00,TMAX,12.77,0,GHCND:USW00014764
1993-01-01T00:00:00,TMIN,2.27,0,GHCND:USW00014764
1993-01-01T00:00:00,TSUN,151530,X,GHCND:USW00014764
1993-01-01T00:00:00,WDF1,70,X,GHCND:USW00014764
1993-01-01T00:00:00,WDFG,90,X,GHCND:USW00014764
1993-01-01T00:00:00,WSF1,16.5,X,GHCND:USW00014764
1993-01-01T00:00:00,WSFG,23.6,X,GHCND:USW00014764
1994-01-01T00:00:00,AWND,3.7,X,GHCND:USW00014764
1994-01-01T00:00:00,CDSD,234.1,,GHCND:USW00014764
1994-01-01T00:00:00,CLDD,234.1,0,GHCND:USW00014764
1994-01-01T00:00:00,DP01,129,0,GHCND:USW00014764
1994-01-01T00:00:00,DP10,69,0,GHCND:USW00014764
1994-01-01T00:00:00,DP1X,10,0,GHCND:USW00014764
1994-01-01T00:00:00,DSND,83,,GHCND:USW00014764
1994-01-01T00:00:00,DSNW,18,0,GHCND:USW00014764
1994-01-01T00:00:00,DT00,18,0,GHCND:USW00014764
1994-01-01T00:00:00,DT32,143,0,GHCND:USW00014764
1994-01-01T00:00:00,DX32,58,0,GHCND:USW00014764
1994-01-01T00:00:00,DX70,100,0,GHCND:USW00014764
1994-01-01T00:00:00,DX90,3,0,GHCND:USW00014764
1994-01-01T00:00:00,DYFG,161, ,GHCND:USW00014764
1994-01-01T00:00:00,DYHF,35, ,GHCND:USW00014764
1994-01-01T00:00:00,DYTS,17, ,GHCND:USW00014764
1994-01-01T00:00:00,EMNT,-27.8,"0,0127, ",GHCND:USW00014764
1994-01-01T00:00:00,EMSD,559," ,0,0118, ",GHCND:USW00014764
1994-01-01T00:00:00,EMSN,239," ,0,0104, ",GHCND:USW00014764
1994-01-01T00:00:00,EMXP,102.6," ,0,0923, ",GHCND:USW00014764
1994-01-01T00:00:00,EMXT,34.4,"0,0722, ",GHCND:USW00014764
1994-01-01T00:00:00,FZF0,0,"0,1011",GHCND:USW00014764
1994-01-01T00:00:00,FZF1,-3.3,"0,1012",GHCND:USW00014764
1994-01-01T00:00:00,FZF2,-5,"0,1112",GHCND:USW00014764
1994-01-01T00:00:00,FZF3,-8.3,"0,1123",GHCND:USW00014764
1994-01-01T00:00:00,FZF4,-11.7,"0,1127",GHCND:USW00014764
1994-01-01T00:00:00,FZF5,-3.9,"0,0423",GHCND:USW00014764
1994-01-01T00:00:00,FZF6,-3.9,"0,0423",GHCND:USW00014764
1994-01-01T00:00:00,FZF7,-5.6,"0,0318",GHCND:USW00014764
1994-01-01T00:00:00,FZF8,-8.3,"0,0312",GHCND:USW00014764
1994-01-01T00:00:00,FZF9,-8.9,"0,0306",GHCND:USW00014764
1994-01-01T00:00:00,HDSD,4209.7,7,GHCND:USW00014764
1994-01-01T00:00:00,HTDD,4209.7,0,GHCND:USW00014764
1994-01-01T00:00:00,PRCP,1119.7," ,0",GHCND:USW00014764
1994-01-01T00:00:00,SNOW,1736," ,0",GHCND:USW00014764
1994-01-01T00:00:00,TAVG,7.67,0,GHCND:USW00014764
1994-01-01T00:00:00,TMAX,12.94,0,GHCND:USW00014764
1994-01-01T00:00:00,TMIN,2.39,0,GHCND:USW00014764
1994-01-01T00:00:00,TSUN,151686,X,GHCND:USW00014764
1995-01-01T00:00:00,AWND,3.5,X,GHCND:USW00014764
1995-01-01T00:00:00,CDSD,198.9,,GHCND:USW00014764
1995-01-01T00:00:00,CLDD,198.9,0,GHCND:USW00014764
1995-01-01T00:00:00,DP01,136,0,GHCND:USW00014764
1995-01-01T00:00:00,DP10,87,0,GHCND:USW00014764
1995-01-01T00:00:00,DP1X,11,0,GHCND:USW00014764
1995-01-01T00:00:00,DSND,70,,GHCND:USW00014764
1995-01-01T00:00:00,DSNW,17,0,GHCND:USW00014764
1995-01-01T00:00:00,DT00,6,0,GHCND:USW00014764
1995-01-01T00:00:00,DT32,155,0,GHCND:USW00014764
1995-01-01T00:00:00,DX32,46,0,GHCND:USW00014764
1995-01-01T00:00:00,DX70,99,0,GHCND:USW00014764
1995-01-01T00:00:00,DX90,3,0,GHCND:USW00014764
1995-01-01T00:00:00,DYFG,184, ,GHCND:USW00014764
1995-01-01T00:00:00,DYHF,52, ,GHCND:USW00014764
1995-01-01T00:00:00,DYTS,14, ,GHCND:USW00014764
1995-01-01T00:00:00,EMNT,-23.3,"0,0207, ",GHCND:USW00014764
1995-01-01T00:00:00,EMSD,635," ,0,1221, ",GHCND:USW00014764
1995-01-01T00:00:00,EMSN,290," ,0,0102, ",GHCND:USW00014764
1995-01-01T00:00:00,EMXP,43.9," ,0,1115, ",GHCND:USW00014764
1995-01-01T00:00:00,EMXT,35.6,"0,0714, ",GHCND:USW00014764
1995-01-01T00:00:00,FZF0,-1.1,"0,0929",GHCND:USW00014764
1995-01-01T00:00:00,FZF1,-2.8,"0,1031",GHCND:USW00014764
1995-01-01T00:00:00,FZF2,-7.8,"0,1109",GHCND:USW00014764
1995-01-01T00:00:00,FZF3,-7.8,"0,1109",GHCND:USW00014764
1995-01-01T00:00:00,FZF4,-9.4,"0,1110",GHCND:USW00014764
1995-01-01T00:00:00,FZF5,0,"0,0502",GHCND:USW00014764
1995-01-01T00:00:00,FZF6,-2.2,"0,0424",GHCND:USW00014764
1995-01-01T00:00:00,FZF7,-9.4,"0,0406",GHCND:USW00014764
1995-01-01T00:00:00,FZF8,-9.4,"0,0406",GHCND:USW00014764
1995-01-01T00:00:00,FZF9,-9.4,"0,0406",GHCND:USW00014764
1995-01-01T00:00:00,HDSD,3895.2,2,GHCND:USW00014764
1995-01-01T00:00:00,HTDD,3895.2,0,GHCND:USW00014764
1995-01-01T00:00:00,PRCP,1053.2," ,0",GHCND:USW00014764
1995-01-01T00:00:00,SNOW,1865," ,0",GHCND:USW00014764
1995-01-01T00:00:00,TAVG,7.55,0,GHCND:USW00014764
1995-01-01T00:00:00,TMAX,12.69,0,GHCND:USW00014764
1995-01-01T00:00:00,TMIN,2.42,0,GHCND:USW00014764
1995-01-01T00:00:00,WDF2,80,X,GHCND:USW00014764
1995-01-01T00:00:00,WDF5,150,X,GHCND:USW00014764
1995-01-01T00:00:00,WSF2,20.1,X,GHCND:USW00014764
1995-01-01T00:00:00,WSF5,32.2,X,GHCND:USW00014764
1996-01-01T00:00:00,AWND,3.5,X,GHCND:USW00014764
1996-01-01T00:00:00,CDSD,127,,GHCND:USW00014764
1996-01-01T00:00:00,CLDD,127,0,GHCND:USW00014764
1996-01-01T00:00:00,DP01,162,0,GHCND:USW00014764
1996-01-01T00:00:00,DP10,90,0,GHCND:USW00014764
1996-01-01T00:00:00,DP1X,8,0,GHCND:USW00014764
1996-01-01T00:00:00,DT00,12,0,GHCND:USW00014764
1996-01-01T00:00:00,DT32,145,0,GHCND:USW00014764
1996-01-01T00:00:00,DX32,46,0,GHCND:USW00014764
1996-01-01T00:00:00,DX70,92,0,GHCND:USW00014764
1996-01-01T00:00:00,DX90,0,0,GHCND:USW00014764
1996-01-01T00:00:00,DYFG,212, ,GHCND:USW00014764
1996-01-01T00:00:00,DYHF,72, ,GHCND:USW00014764
1996-01-01T00:00:00,DYTS,14, ,GHCND:USW00014764
1996-01-01T00:00:00,EMNT,-24.4,"0,0205,+",GHCND:USW00014764
1996-01-01T00:00:00,EMXP,298.2," ,0,1021, ",GHCND:USW00014764
1996-01-01T00:00:00,EMXT,30,"0,0718, ",GHCND:USW00014764
1996-01-01T00:00:00,FZF0,-2.2,"0,1005",GHCND:USW00014764
1996-01-01T00:00:00,FZF1,-2.2,"0,1005",GHCND:USW00014764
1996-01-01T00:00:00,FZF2,-5.6,"0,1104",GHCND:USW00014764
1996-01-01T00:00:00,FZF3,-7.2,"0,1113",GHCND:USW00014764
1996-01-01T00:00:00,FZF4,-10,"0,1116",GHCND:USW00014764
1996-01-01T00:00:00,FZF5,-1.1,"0,0429",GHCND:USW00014764
1996-01-01T00:00:00,FZF6,-2.2,"0,0413",GHCND:USW00014764
1996-01-01T00:00:00,FZF7,-5,"0,0331",GHCND:USW00014764
1996-01-01T00:00:00,FZF8,-8.9,"0,0328",GHCND:USW00014764
1996-01-01T00:00:00,FZF9,-8.9,"0,0328",GHCND:USW00014764
1996-01-01T00:00:00,HDSD,4239.5,5,GHCND:USW00014764
1996-01-01T00:00:00,HTDD,4239.5,0,GHCND:USW00014764
1996-01-01T00:00:00,PRCP,1484," ,0",GHCND:USW00014764
1996-01-01T00:00:00,TAVG,7.38,0,GHCND:USW00014764
1996-01-01T00:00:00,TMAX,12.28,0,GHCND:USW00014764
1996-01-01T00:00:00,TMIN,2.47,0,GHCND:USW00014764
1996-01-01T00:00:00,WDF2,310,X,GHCND:USW00014764
1996-01-01T00:00:00,WDF5,290,X,GHCND:USW00014764
1996-01-01T00:00:00,WSF2,18.3,X,GHCND:USW00014764
1996-01-01T00:00:00,WSF5,23.7,X,GHCND:USW00014764
1997-01-01T00:00:00,AWND,3.4,X,GHCND:USW00014764
1997-01-01T00:00:00,CDSD,181.6,,GHCND:USW00014764
1997-01-01T00:00:00,CLDD,181.6,0,GHCND:USW00014764
1997-01-01T00:00:00,DP01,122,0,GHCND:USW00014764
1997-01-01T00:00:00,DP10,81,0,GHCND:USW00014764
1997-01-01T00:00:00,DP1X,6,0,GHCND:USW00014764
1997-01-01T00:00:00,DSNW,22,0,GHCND:USW00014764
1997-01-01T00:00:00,DT00,3,0,GHCND:USW00014764
1997-01-01T00:00:00,DT32,159,0,GHCND:USW00014764
1997-01-01T00:00:00,DX32,40,0,GHCND:USW00014764
1997-01-01T00:00:00,DX70,96,0,GHCND:USW00014764
1997-01-01T00:00:00,DX90,7,0,GHCND:USW00014764
1997-01-01T00:00:00,DYFG,190, ,GHCND:USW00014764
1997-01-01T00:00:00,DYHF,29, ,GHCND:USW00014764
1997-01-01T00:00:00,DYTS,15, ,GHCND:USW00014764
1997-01-01T00:00:00,EMNT,-21.1,"0,0119, ",GHCND:USW00014764
1997-01-01T00:00:00,EMSN,259," ,0,1116, ",GHCND:USW00014764
1997-01-01T00:00:00,EMXP,68.3," ,0,0418, ",GHCND:USW00014764
1997-01-01T00:00:00,EMXT,32.8,"0,0816,+",GHCND:USW00014764
1997-01-01T00:00:00,FZF0,-0.6,"0,1002",GHCND:USW00014764
1997-01-01T00:00:00,FZF1,-2.8,"0,1022",GHCND:USW00014764
1997-01-01T00:00:00,FZF2,-5.6,"0,1023",GHCND:USW00014764
1997-01-01T00:00:00,FZF3,-10,"0,1116",GHCND:USW00014764
1997-01-01T00:00:00,FZF4,-10,"0,1116",GHCND:USW00014764
1997-01-01T00:00:00,FZF5,-1.1,"0,0509",GHCND:USW00014764
1997-01-01T00:00:00,FZF6,-3.3,"0,0416",GHCND:USW00014764
1997-01-01T00:00:00,FZF7,-6.1,"0,0411",GHCND:USW00014764
1997-01-01T00:00:00,FZF8,-7.2,"0,0410",GHCND:USW00014764
1997-01-01T00:00:00,FZF9,-9.4,"0,0325",GHCND:USW00014764
1997-01-01T00:00:00,HDSD,4046.1,1,GHCND:USW00014764
1997-01-01T00:00:00,HTDD,4046.1,0,GHCND:USW00014764
1997-01-01T00:00:00,PRCP,955.6," ,0",GHCND:USW00014764
1997-01-01T00:00:00,SNOW,1671," ,0",GHCND:USW00014764
1997-01-01T00:00:00,TAVG,7.51,0,GHCND:USW00014764
1997-01-01T00:00:00,TMAX,12.73,0,GHCND:USW00014764
1997-01-01T00:00:00,TMIN,2.28,0,GHCND:USW00014764
1997-01-01T00:00:00,WDF2,100,X,GHCND:USW00014764
1997-01-01T00:00:00,WDF5,130,X,GHCND:USW00014764
1997-01-01T00:00:00,WSF2,18.3,X,GHCND:USW00014764
1997-01-01T00:00:00,WSF5,30.8,X,GHCND:USW00014764
1998-01-01T00:00:00,AWND,3.4,X,GHCND:USW00014764
1998-01-01T00:00:00,CDSD,191.7,,GHCND:USW00014764
1998-01-01T00:00:00,CLDD,191.7,0,GHCND:USW00014764
1998-01-01T00:00:00,DP01,116,0,GHCND:USW00014764
1998-01-01T00:00:00,DP10,75,0,GHCND:USW00014764
1998-01-01T00:00:00,DP1X,13,0,GHCND:USW00014764
1998-01-01T00:00:00,DSND,38,,GHCND:USW00014764
1998-01-01T00:00:00,DSNW,9,0,GHCND:USW00014764
1998-01-01T00:00:00,DT00,1,0,GHCND:USW00014764
1998-01-01T00:00:00,DT32,130,0,GHCND:USW00014764
1998-01-01T00:00:00,DX32,28,0,GHCND:USW00014764
1998-01-01T00:00:00,DX70,120,0,GHCND:USW00014764
1998-01-01T00:00:00,DX90,2,0,GHCND:USW00014764
1998-01-01T00:00:00,DYFG,177, ,GHCND:USW00014764
1998-01-01T00:00:00,DYHF,51, ,GHCND:USW00014764
1998-01-01T00:00:00,DYTS,18, ,GHCND:USW00014764
1998-01-01T00:00:00,EMNT,-21.1,"0,1231, ",GHCND:USW00014764
1998-01-01T00:00:00,EMSD,203," ,0,1230, ",GHCND:USW00014764
1998-01-01T00:00:00,EMSN,198," ,0,0116, ",GHCND:USW00014764
1998-01-01T00:00:00,EMXP,142.5," ,0,1010, ",GHCND:USW00014764
1998-01-01T00:00:00,EMXT,33.3,"0,0722, ",GHCND:USW00014764
1998-01-01T00:00:00,FZF0,0,"0,1004",GHCND:USW00014764
1998-01-01T00:00:00,FZF1,-2.8,"0,1027",GHCND:USW00014764
1998-01-01T00:00:00,FZF2,-4.4,"0,1106",GHCND:USW00014764
1998-01-01T00:00:00,FZF3,-8.3,"0,1212",GHCND:USW00014764
1998-01-01T00:00:00,FZF4,-11.7,"0,1223",GHCND:USW00014764
1998-01-01T00:00:00,FZF5,0,"0,0514",GHCND:USW00014764
1998-01-01T00:00:00,FZF6,-2.2,"0,0426",GHCND:USW00014764
1998-01-01T00:00:00,FZF7,-5,"0,0325",GHCND:USW00014764
1998-01-01T00:00:00,FZF8,-7.2,"0,0317",GHCND:USW00014764
1998-01-01T00:00:00,FZF9,-15.6,"0,0313",GHCND:USW00014764
1998-01-01T00:00:00,HDSD,3753.4,4,GHCND:USW00014764
1998-01-01T00:00:00,HTDD,3753.4,0,GHCND:USW00014764
1998-01-01T00:00:00,PRCP,1391.2," ,0",GHCND:USW00014764
1998-01-01T00:00:00,SNOW,1001," ,0",GHCND:USW00014764
1998-01-01T00:00:00,TAVG,9.05,0,GHCND:USW00014764
1998-01-01T00:00:00,TMAX,14.03,0,GHCND:USW00014764
1998-01-01T00:00:00,TMIN,4.07,0,GHCND:USW00014764
1998-01-01T00:00:00,WDF2,280,X,GHCND:USW00014764
1998-01-01T00:00:00,WDF5,280,X,GHCND:USW00014764
1998-01-01T00:00:00,WSF2,25.5,X,GHCND:USW00014764
1998-01-01T00:00:00,WSF5,27.3,X,GHCND:USW00014764
1999-01-01T00:00:00,AWND,3.7,X,GHCND:USW00014764
1999-01-01T00:00:00,CDSD,264.4,,GHCND:USW00014764
1999-01-01T00:00:00,CLDD,264.4,0,GHCND:USW00014764
1999-01-01T00:00:00,DP01,119,0,GHCND:USW00014764
1999-01-01T00:00:00,DP10,73,0,GHCND:USW00014764
1999-01-01T00:00:00,DP1X,10,0,GHCND:USW00014764
1999-01-01T00:00:00,DSND,43,,GHCND:USW00014764
1999-01-01T00:00:00,DSNW,14,0,GHCND:USW00014764
1999-01-01T00:00:00,DT00,5,0,GHCND:USW00014764
1999-01-01T00:00:00,DT32,137,0,GHCND:USW00014764
1999-01-01T00:00:00,DX32,31,0,GHCND:USW00014764
1999-01-01T00:00:00,DX70,110,0,GHCND:USW00014764
1999-01-01T00:00:00,DX90,8,0,GHCND:USW00014764
1999-01-01T00:00:00,DYFG,148, ,GHCND:USW00014764
1999-01-01T00:00:00,DYHF,30, ,GHCND:USW00014764
1999-01-01T00:00:00,DYTS,15, ,GHCND:USW00014764
1999-01-01T00:00:00,EMNT,-25,"0,0102, ",GHCND:USW00014764
1999-01-01T00:00:00,EMSD,254," ,0,0115, ",GHCND:USW00014764
1999-01-01T00:00:00,EMSN,221," ,0,0315, ",GHCND:USW00014764
1999-01-01T00:00:00,EMXP,112.8," ,0,0916, ",GHCND:USW00014764
1999-01-01T00:00:00,EMXT,36.1,"0,0717, ",GHCND:USW00014764
1999-01-01T00:00:00,FZF0,0,"0,1006",GHCND:USW00014764
1999-01-01T00:00:00,FZF1,-3.3,"0,1008",GHCND:USW00014764
1999-01-01T00:00:00,FZF2,-5,"0,1108",GHCND:USW00014764
1999-01-01T00:00:00,FZF3,-7.2,"0,1218",GHCND:USW00014764
1999-01-01T00:00:00,FZF4,-11.1,"0,1219",GHCND:USW00014764
1999-01-01T00:00:00,FZF5,-1.1,"0,0425",GHCND:USW00014764
1999-01-01T00:00:00,FZF6,-3.9,"0,0416",GHCND:USW00014764
1999-01-01T00:00:00,FZF7,-5,"0,0327",GHCND:USW00014764
1999-01-01T00:00:00,FZF8,-6.7,"0,0321",GHCND:USW00014764
1999-01-01T00:00:00,FZF9,-10.6,"0,0310",GHCND:USW00014764
1999-01-01T00:00:00,HDSD,3696.4,4,GHCND:USW00014764
1999-01-01T00:00:00,HTDD,3696.4,0,GHCND:USW00014764
1999-01-01T00:00:00,PRCP,1033.3," ,0",GHCND:USW00014764
1999-01-01T00:00:00,SNOW,1060," ,0",GHCND:USW00014764
1999-01-01T00:00:00,TAVG,8.85,0,GHCND:USW00014764
1999-01-01T00:00:00,TMAX,14.27,0,GHCND:USW00014764
1999-01-01T00:00:00,TMIN,3.43,0,GHCND:USW00014764
1999-01-01T00:00:00,WDF2,110,X,GHCND:USW00014764
1999-01-01T00:00:00,WDF5,300,X,GHCND:USW00014764
1999-01-01T00:00:00,WSF2,18.3,X,GHCND:USW00014764
1999-01-01T00:00:00,WSF5,22.8,X,GHCND:USW00014764
2000-01-01T00:00:00,AWND,3.5,X,GHCND:USW00014764
2000-01-01T00:00:00,CDSD,154.6,,GHCND:USW00014764
2000-01-01T00:00:00,CLDD,154.6,0,GHCND:USW00014764
2000-01-01T00:00:00,DP01,134,0,GHCND:USW00014764
2000-01-01T00:00:00,DP10,74,0,GHCND:USW00014764
2000-01-01T00:00:00,DP1X,9,0,GHCND:USW00014764
2000-01-01T00:00:00,DSNW,11,0,GHCND:USW00014764
2000-01-01T00:00:00,DT00,7,0,GHCND:USW00014764
2000-01-01T00:00:00,DT32,130,0,GHCND:USW00014764
2000-01-01T00:00:00,DX32,47,0,GHCND:USW00014764
2000-01-01T00:00:00,DX70,104,0,GHCND:USW00014764
2000-01-01T00:00:00,DX90,2,0,GHCND:USW00014764
2000-01-01T00:00:00,DYFG,156, ,GHCND:USW00014764
2000-01-01T00:00:00,DYHF,28, ,GHCND:USW00014764
2000-01-01T00:00:00,DYTS,17, ,GHCND:USW00014764
2000-01-01T00:00:00,EMNT,-25,"0,0123, ",GHCND:USW00014764
2000-01-01T00:00:00,EMSN,272," ,0,1230, ",GHCND:USW00014764
2000-01-01T00:00:00,EMXP,56.4," ,0,1217, ",GHCND:USW00014764
2000-01-01T00:00:00,EMXT,32.2,"0,0901,+",GHCND:USW00014764
2000-01-01T00:00:00,FZF0,0,"0,0929",GHCND:USW00014764
2000-01-01T00:00:00,FZF1,-2.2,"0,1023",GHCND:USW00014764
2000-01-01T00:00:00,FZF2,-5,"0,1118",GHCND:USW00014764
2000-01-01T00:00:00,FZF3,-7.8,"0,1123",GHCND:USW00014764
2000-01-01T00:00:00,FZF4,-10.6,"0,1124",GHCND:USW00014764
2000-01-01T00:00:00,FZF5,0,"0,0503",GHCND:USW00014764
2000-01-01T00:00:00,FZF6,-2.2,"0,0501",GHCND:USW00014764
2000-01-01T00:00:00,FZF7,-4.4,"0,0413",GHCND:USW00014764
2000-01-01T00:00:00,FZF8,-6.7,"0,0320",GHCND:USW00014764
2000-01-01T00:00:00,FZF9,-8.9,"0,0319",GHCND:USW00014764
2000-01-01T00:00:00,HDSD,3818.3,3,GHCND:USW00014764
2000-01-01T00:00:00,HTDD,3818.3,0,GHCND:USW00014764
2000-01-01T00:00:00,PRCP,1033.9," ,0",GHCND:USW00014764
2000-01-01T00:00:00,SNOW,1525," ,0",GHCND:USW00014764
2000-01-01T00:00:00,TAVG,7.87,0,GHCND:USW00014764
2000-01-01T00:00:00,TMAX,12.96,0,GHCND:USW00014764
2000-01-01T00:00:00,TMIN,2.77,0,GHCND:USW00014764
2000-01-01T00:00:00,WDF2,130,X,GHCND:USW00014764
2000-01-01T00:00:00,WDF5,130,X,GHCND:USW00014764
2000-01-01T00:00:00,WSF2,17.9,X,GHCND:USW00014764
2000-01-01T00:00:00,WSF5,24.1,X,GHCND:USW00014764
2001-01-01T00:00:00,AWND,3.2,X,GHCND:USW00014764
2001-01-01T00:00:00,CDSD,226,,GHCND:USW00014764
2001-01-01T00:00:00,CLDD,226,0,GHCND:USW00014764
2001-01-01T00:00:00,DP01,116,0,GHCND:USW00014764
2001-01-01T00:00:00,DP10,59,0,GHCND:USW00014764
2001-01-01T00:00:00,DP1X,6,0,GHCND:USW00014764
2001-01-01T00:00:00,DSND,90,,GHCND:USW00014764
2001-01-01T00:00:00,DSNW,19,0,GHCND:USW00014764
2001-01-01T00:00:00,DT00,4,0,GHCND:USW00014764
2001-01-01T00:00:00,DT32,152,0,GHCND:USW00014764
2001-01-01T00:00:00,DX32,38,0,GHCND:USW00014764
2001-01-01T00:00:00,DX70,114,0,GHCND:USW00014764
2001-01-01T00:00:00,DX90,9,0,GHCND:USW00014764
2001-01-01T00:00:00,DYFG,173, ,GHCND:USW00014764
2001-01-01T00:00:00,DYHF,51, ,GHCND:USW00014764
2001-01-01T00:00:00,DYTS,18, ,GHCND:USW00014764
2001-01-01T00:00:00,EMNT,-18.9,"0,0204, ",GHCND:USW00014764
2001-01-01T00:00:00,EMSD,762," ,0,0310, ",GHCND:USW00014764
2001-01-01T00:00:00,EMSN,323," ,0,0205, ",GHCND:USW00014764
2001-01-01T00:00:00,EMXP,85.3," ,0,0322, ",GHCND:USW00014764
2001-01-01T00:00:00,EMXT,35,"0,0809, ",GHCND:USW00014764
2001-01-01T00:00:00,FZF0,0,"0,1008",GHCND:USW00014764
2001-01-01T00:00:00,FZF1,-2.2,"0,1009",GHCND:USW00014764
2001-01-01T00:00:00,FZF2,-4.4,"0,1029",GHCND:USW00014764
2001-01-01T00:00:00,FZF3,-6.7,"0,1113",GHCND:USW00014764
2001-01-01T00:00:00,FZF4,-8.9,"0,1223",GHCND:USW00014764
2001-01-01T00:00:00,FZF5,-0.6,"0,0507",GHCND:USW00014764
2001-01-01T00:00:00,FZF6,-2.2,"0,0429",GHCND:USW00014764
2001-01-01T00:00:00,FZF7,-5,"0,0329",GHCND:USW00014764
2001-01-01T00:00:00,FZF8,-8.3,"0,0326",GHCND:USW00014764
2001-01-01T00:00:00,FZF9,-13.3,"0,0308",GHCND:USW00014764
2001-01-01T00:00:00,HDSD,4080.6,6,GHCND:USW00014764
2001-01-01T00:00:00,HTDD,4080.6,0,GHCND:USW00014764
2001-01-01T00:00:00,PRCP,841.6," ,0",GHCND:USW00014764
2001-01-01T00:00:00,SNOW,2136," ,0",GHCND:USW00014764
2001-01-01T00:00:00,TAVG,8.32,0,GHCND:USW00014764
2001-01-01T00:00:00,TMAX,13.7,0,GHCND:USW00014764
2001-01-01T00:00:00,TMIN,2.95,0,GHCND:USW00014764
2001-01-01T00:00:00,WDF2,280,X,GHCND:USW00014764
2001-01-01T00:00:00,WDF5,290,W,GHCND:USW00014764
2001-01-01T00:00:00,WSF2,19.7,X,GHCND:USW00014764
2001-01-01T00:00:00,WSF5,24.1,W,GHCND:USW00014764
2002-01-01T00:00:00,AWND,3.4,X,GHCND:USW00014764
2002-01-01T00:00:00,CDSD,251.9,,GHCND:USW00014764
2002-01-01T00:00:00,CLDD,251.9,0,GHCND:USW00014764
2002-01-01T00:00:00,DP01,136,0,GHCND:USW00014764
2002-01-01T00:00:00,DP10,84,0,GHCND:USW00014764
2002-01-01T00:00:00,DP1X,13,0,GHCND:USW00014764
2002-01-01T00:00:00,DSND,46,,GHCND:USW00014764
2002-01-01T00:00:00,DSNW,15,0,GHCND:USW00014764
2002-01-01T00:00:00,DT00,1,0,GHCND:USW00014764
2002-01-01T00:00:00,DT32,158,0,GHCND:USW00014764
2002-01-01T00:00:00,DX32,23,0,GHCND:USW00014764
2002-01-01T00:00:00,DX70,100,0,GHCND:USW00014764
2002-01-01T00:00:00,DX90,10,0,GHCND:USW00014764
2002-01-01T00:00:00,DYFG,173, ,GHCND:USW00014764
2002-01-01T00:00:00,DYHF,36, ,GHCND:USW00014764
2002-01-01T00:00:00,DYTS,15, ,GHCND:USW00014764
2002-01-01T00:00:00,EMNT,-19.4,"0,0203, ",GHCND:USW00014764
2002-01-01T00:00:00,EMSD,406," ,0,1226, ",GHCND:USW00014764
2002-01-01T00:00:00,EMSN,318," ,0,1225, ",GHCND:USW00014764
2002-01-01T00:00:00,EMXP,50.8," ,0,1016, ",GHCND:USW00014764
2002-01-01T00:00:00,EMXT,35,"0,0703, ",GHCND:USW00014764
2002-01-01T00:00:00,FZF0,-0.6,"0,1009",GHCND:USW00014764
2002-01-01T00:00:00,FZF1,-2.8,"0,1015",GHCND:USW00014764
2002-01-01T00:00:00,FZF2,-4.4,"0,1022",GHCND:USW00014764
2002-01-01T00:00:00,FZF3,-9.4,"0,1103",GHCND:USW00014764
2002-01-01T00:00:00,FZF4,-9.4,"0,1103",GHCND:USW00014764
2002-01-01T00:00:00,FZF5,0,"0,0520",GHCND:USW00014764
2002-01-01T00:00:00,FZF6,-2.2,"0,0427",GHCND:USW00014764
2002-01-01T00:00:00,FZF7,-5.6,"0,0407",GHCND:USW00014764
2002-01-01T00:00:00,FZF8,-7.2,"0,0323",GHCND:USW00014764
2002-01-01T00:00:00,FZF9,-9.4,"0,0322",GHCND:USW00014764
2002-01-01T00:00:00,HDSD,3607.4,4,GHCND:USW00014764
2002-01-01T00:00:00,HTDD,3607.4,0,GHCND:USW00014764
2002-01-01T00:00:00,PRCP,1124.6," ,0",GHCND:USW00014764
2002-01-01T00:00:00,SNOW,1249," ,0",GHCND:USW00014764
2002-01-01T00:00:00,TAVG,8.43,0,GHCND:USW00014764
2002-01-01T00:00:00,TMAX,13.51,0,GHCND:USW00014764
2002-01-01T00:00:00,TMIN,3.36,0,GHCND:USW00014764
2002-01-01T00:00:00,WDF2,30,X,GHCND:USW00014764
2002-01-01T00:00:00,WDF5,30,X,GHCND:USW00014764
2002-01-01T00:00:00,WSF2,19.7,X,GHCND:USW00014764
2002-01-01T00:00:00,WSF5,23.2,X,GHCND:USW00014764
2003-01-01T00:00:00,AWND,3.2,X,GHCND:USW00014764
2003-01-01T00:00:00,CDSD,193,,GHCND:USW00014764
2003-01-01T00:00:00,CLDD,193,0,GHCND:USW00014764
2003-01-01T00:00:00,DP01,128,0,GHCND:USW00014764
2003-01-01T00:00:00,DP10,80,0,GHCND:USW00014764
2003-01-01T00:00:00,DP1X,6,0,GHCND:USW00014764
2003-01-01T00:00:00,DSND,92,,GHCND:USW00014764
2003-01-01T00:00:00,DSNW,21,0,GHCND:USW00014764
2003-01-01T00:00:00,DT00,18,0,GHCND:USW00014764
2003-01-01T00:00:00,DT32,149,0,GHCND:USW00014764
2003-01-01T00:00:00,DX32,62,0,GHCND:USW00014764
2003-01-01T00:00:00,DX70,102,0,GHCND:USW00014764
2003-01-01T00:00:00,DX90,2,0,GHCND:USW00014764
2003-01-01T00:00:00,DYFG,193, ,GHCND:USW00014764
2003-01-01T00:00:00,DYHF,52, ,GHCND:USW00014764
2003-01-01T00:00:00,DYTS,6, ,GHCND:USW00014764
2003-01-01T00:00:00,EMNT,-27.2,"0,0214, ",GHCND:USW00014764
2003-01-01T00:00:00,EMSD,356," ,0,0219, ",GHCND:USW00014764
2003-01-01T00:00:00,EMSN,224," ,0,0104, ",GHCND:USW00014764
2003-01-01T00:00:00,EMXP,41.4," ,0,1015, ",GHCND:USW00014764
2003-01-01T00:00:00,EMXT,33.3,"0,0705, ",GHCND:USW00014764
2003-01-01T00:00:00,FZF0,-1.1,"0,1007",GHCND:USW00014764
2003-01-01T00:00:00,FZF1,-2.8,"0,1020",GHCND:USW00014764
2003-01-01T00:00:00,FZF2,-6.1,"0,1108",GHCND:USW00014764
2003-01-01T00:00:00,FZF3,-7.2,"0,1109",GHCND:USW00014764
2003-01-01T00:00:00,FZF4,-10,"0,1202",GHCND:USW00014764
2003-01-01T00:00:00,FZF5,0,"0,0504",GHCND:USW00014764
2003-01-01T00:00:00,FZF6,-6.1,"0,0418",GHCND:USW00014764
2003-01-01T00:00:00,FZF7,-6.1,"0,0418",GHCND:USW00014764
2003-01-01T00:00:00,FZF8,-7.2,"0,0407",GHCND:USW00014764
2003-01-01T00:00:00,FZF9,-8.9,"0,0316",GHCND:USW00014764
2003-01-01T00:00:00,HDSD,4317.6,6,GHCND:USW00014764
2003-01-01T00:00:00,HTDD,4317.6,0,GHCND:USW00014764
2003-01-01T00:00:00,PRCP,971.5," ,0",GHCND:USW00014764
2003-01-01T00:00:00,SNOW,1686," ,0",GHCND:USW00014764
2003-01-01T00:00:00,TAVG,7.31,0,GHCND:USW00014764
2003-01-01T00:00:00,TMAX,12.25,0,GHCND:USW00014764
2003-01-01T00:00:00,TMIN,2.36,0,GHCND:USW00014764
2003-01-01T00:00:00,WDF2,320,X,GHCND:USW00014764
2003-01-01T00:00:00,WDF5,240,X,GHCND:USW00014764
2003-01-01T00:00:00,WSF2,16.5,X,GHCND:USW00014764
2003-01-01T00:00:00,WSF5,21.5,X,GHCND:USW00014764
2004-01-01T00:00:00,AWND,3.4,X,GHCND:USW00014764
2004-01-01T00:00:00,CDSD,129,,GHCND:USW00014764
2004-01-01T00:00:00,CLDD,129,0,GHCND:USW00014764
2004-01-01T00:00:00,DP01,121,0,GHCND:USW00014764
2004-01-01T00:00:00,DP10,71,0,GHCND:USW00014764
2004-01-01T00:00:00,DP1X,13,0,GHCND:USW00014764
2004-01-01T00:00:00,DSND,44,,GHCND:USW00014764
2004-01-01T00:00:00,DSNW,14,0,GHCND:USW00014764
2004-01-01T00:00:00,DT00,13,0,GHCND:USW00014764
2004-01-01T00:00:00,DT32,148,0,GHCND:USW00014764
2004-01-01T00:00:00,DX32,44,0,GHCND:USW00014764
2004-01-01T00:00:00,DX70,101,0,GHCND:USW00014764
2004-01-01T00:00:00,DX90,1,0,GHCND:USW00014764
2004-01-01T00:00:00,DYFG,173, ,GHCND:USW00014764
2004-01-01T00:00:00,DYHF,43, ,GHCND:USW00014764
2004-01-01T00:00:00,DYTS,16, ,GHCND:USW00014764
2004-01-01T00:00:00,EMNT,-23.9,"0,0116,+",GHCND:USW00014764
2004-01-01T00:00:00,EMSD,127," ,0,0223,+",GHCND:USW00014764
2004-01-01T00:00:00,EMSN,107," ,0,0206, ",GHCND:USW00014764
2004-01-01T00:00:00,EMXP,61.2," ,0,0402, ",GHCND:USW00014764
2004-01-01T00:00:00,EMXT,33.3,"0,0609, ",GHCND:USW00014764
2004-01-01T00:00:00,FZF0,0,"0,1005",GHCND:USW00014764
2004-01-01T00:00:00,FZF1,-4.4,"0,1104",GHCND:USW00014764
2004-01-01T00:00:00,FZF2,-4.4,"0,1104",GHCND:USW00014764
2004-01-01T00:00:00,FZF3,-7.8,"0,1110",GHCND:USW00014764
2004-01-01T00:00:00,FZF4,-9.4,"0,1206",GHCND:USW00014764
2004-01-01T00:00:00,FZF5,-0.6,"0,0429",GHCND:USW00014764
2004-01-01T00:00:00,FZF6,-2.8,"0,0417",GHCND:USW00014764
2004-01-01T00:00:00,FZF7,-5,"0,0324",GHCND:USW00014764
2004-01-01T00:00:00,FZF8,-10.6,"0,0323",GHCND:USW00014764
2004-01-01T00:00:00,FZF9,-10.6,"0,0323",GHCND:USW00014764
2004-01-01T00:00:00,HDSD,4022.4,4,GHCND:USW00014764
2004-01-01T00:00:00,HTDD,4022.4,0,GHCND:USW00014764
2004-01-01T00:00:00,PRCP,1047.6," ,0",GHCND:USW00014764
2004-01-01T00:00:00,SNOW,800," ,0",GHCND:USW00014764
2004-01-01T00:00:00,TAVG,7.54,0,GHCND:USW00014764
2004-01-01T00:00:00,TMAX,12.48,0,GHCND:USW00014764
2004-01-01T00:00:00,TMIN,2.58,0,GHCND:USW00014764
2004-01-01T00:00:00,WDF2,280,X,GHCND:USW00014764
2004-01-01T00:00:00,WDF5,290,X,GHCND:USW00014764
2004-01-01T00:00:00,WSF2,17.4,X,GHCND:USW00014764
2004-01-01T00:00:00,WSF5,23.2,X,GHCND:USW00014764
2005-01-01T00:00:00,AWND,3.5,X,GHCND:USW00014764
2005-01-01T00:00:00,CDSD,258.4,,GHCND:USW00014764
2005-01-01T00:00:00,CLDD,258.4,0,GHCND:USW00014764
2005-01-01T00:00:00,DP01,142,0,GHCND:USW00014764
2005-01-01T00:00:00,DP10,93,0,GHCND:USW00014764
2005-01-01T00:00:00,DP1X,19,0,GHCND:USW00014764
2005-01-01T00:00:00,DSND,99,,GHCND:USW00014764
2005-01-01T00:00:00,DSNW,23,0,GHCND:USW00014764
2005-01-01T00:00:00,DT00,7,0,GHCND:USW00014764
2005-01-01T00:00:00,DT32,148,0,GHCND:USW00014764
2005-01-01T00:00:00,DX32,50,0,GHCND:USW00014764
2005-01-01T00:00:00,DX70,105,0,GHCND:USW00014764
2005-01-01T00:00:00,DX90,4,0,GHCND:USW00014764
2005-01-01T00:00:00,DYFG,190, ,GHCND:USW00014764
2005-01-01T00:00:00,DYHF,46, ,GHCND:USW00014764
2005-01-01T00:00:00,DYTS,19, ,GHCND:USW00014764
2005-01-01T00:00:00,EMNT,-25,"0,0122, ",GHCND:USW00014764
2005-01-01T00:00:00,EMSD,711," ,0,0313, ",GHCND:USW00014764
2005-01-01T00:00:00,EMSN,353," ,0,1209, ",GHCND:USW00014764
2005-01-01T00:00:00,EMXP,112.5," ,0,1008, ",GHCND:USW00014764
2005-01-01T00:00:00,EMXT,34.4,"0,0625, ",GHCND:USW00014764
2005-01-01T00:00:00,FZF0,-1.1,"0,1021",GHCND:USW00014764
2005-01-01T00:00:00,FZF1,-2.2,"0,1022",GHCND:USW00014764
2005-01-01T00:00:00,FZF2,-6.1,"0,1112",GHCND:USW00014764
2005-01-01T00:00:00,FZF3,-7.2,"0,1124",GHCND:USW00014764
2005-01-01T00:00:00,FZF4,-11.1,"0,1207",GHCND:USW00014764
2005-01-01T00:00:00,FZF5,0,"0,0504",GHCND:USW00014764
2005-01-01T00:00:00,FZF6,-2.2,"0,0422",GHCND:USW00014764
2005-01-01T00:00:00,FZF7,-6.7,"0,0327",GHCND:USW00014764
2005-01-01T00:00:00,FZF8,-6.7,"0,0327",GHCND:USW00014764
2005-01-01T00:00:00,FZF9,-10.6,"0,0314",GHCND:USW00014764
2005-01-01T00:00:00,HDSD,4105.7,7,GHCND:USW00014764
2005-01-01T00:00:00,HTDD,4105.7,0,GHCND:USW00014764
2005-01-01T00:00:00,PRCP,1687.2," ,0",GHCND:USW00014764
2005-01-01T00:00:00,SNOW,2947," ,0",GHCND:USW00014764
2005-01-01T00:00:00,TAVG,7.93,0,GHCND:USW00014764
2005-01-01T00:00:00,TMAX,12.87,0,GHCND:USW00014764
2005-01-01T00:00:00,TMIN,2.99,0,GHCND:USW00014764
2005-01-01T00:00:00,WDF2,310,X,GHCND:USW00014764
2005-01-01T00:00:00,WDF5,320,X,GHCND:USW00014764
2005-01-01T00:00:00,WSF2,17.9,X,GHCND:USW00014764
2005-01-01T00:00:00,WSF5,23.7,X,GHCND:USW00014764
2006-01-01T00:00:00,AWND,3.3,W,GHCND:USW00014764
2006-01-01T00:00:00,CDSD,227.6,,GHCND:USW00014764
2006-01-01T00:00:00,CLDD,227.6,0,GHCND:USW00014764
2006-01-01T00:00:00,DP01,139,0,GHCND:USW00014764
2006-01-01T00:00:00,DP10,93,0,GHCND:USW00014764
2006-01-01T00:00:00,DP1X,15,0,GHCND:USW00014764
2006-01-01T00:00:00,DSND,31,,GHCND:USW00014764
2006-01-01T00:00:00,DSNW,8,0,GHCND:USW00014764
2006-01-01T00:00:00,DT00,0,0,GHCND:USW00014764
2006-01-01T00:00:00,DT32,133,0,GHCND:USW00014764
2006-01-01T00:00:00,DX32,30,0,GHCND:USW00014764
2006-01-01T00:00:00,DX70,102,0,GHCND:USW00014764
2006-01-01T00:00:00,DX90,3,0,GHCND:USW00014764
2006-01-01T00:00:00,DYFG,180, ,GHCND:USW00014764
2006-01-01T00:00:00,DYHF,50, ,GHCND:USW00014764
2006-01-01T00:00:00,DYTS,18, ,GHCND:USW00014764
2006-01-01T00:00:00,EMNT,-17.2,"0,0227, ",GHCND:USW00014764
2006-01-01T00:00:00,EMSD,152," ,0,0213, ",GHCND:USW00014764
2006-01-01T00:00:00,EMSN,147," ,0,0212, ",GHCND:USW00014764
2006-01-01T00:00:00,EMXP,86.6," ,0,0502, ",GHCND:USW00014764
2006-01-01T00:00:00,EMXT,35,"0,0802, ",GHCND:USW00014764
2006-01-01T00:00:00,FZF0,-1.7,"0,1014",GHCND:USW00014764
2006-01-01T00:00:00,FZF1,-2.8,"0,1022",GHCND:USW00014764
2006-01-01T00:00:00,FZF2,-5,"0,1104",GHCND:USW00014764
2006-01-01T00:00:00,FZF3,-6.7,"0,1121",GHCND:USW00014764
2006-01-01T00:00:00,FZF4,-11.1,"0,1208",GHCND:USW00014764
2006-01-01T00:00:00,FZF5,-1.7,"0,0430",GHCND:USW00014764
2006-01-01T00:00:00,FZF6,-2.8,"0,0426",GHCND:USW00014764
2006-01-01T00:00:00,FZF7,-6.7,"0,0321",GHCND:USW00014764
2006-01-01T00:00:00,FZF8,-6.7,"0,0321",GHCND:USW00014764
2006-01-01T00:00:00,FZF9,-8.9,"0,0320",GHCND:USW00014764
2006-01-01T00:00:00,HDSD,3647.5,5,GHCND:USW00014764
2006-01-01T00:00:00,HTDD,3647.5,0,GHCND:USW00014764
2006-01-01T00:00:00,PRCP,1546.7," ,0",GHCND:USW00014764
2006-01-01T00:00:00,SNOW,743," ,0",GHCND:USW00014764
2006-01-01T00:00:00,TAVG,9.17,0,GHCND:USW00014764
2006-01-01T00:00:00,TMAX,14.07,0,GHCND:USW00014764
2006-01-01T00:00:00,TMIN,4.27,0,GHCND:USW00014764
2006-01-01T00:00:00,WDF2,280,X,GHCND:USW00014764
2006-01-01T00:00:00,WDF5,280,X,GHCND:USW00014764
2006-01-01T00:00:00,WSF2,19.7,X,GHCND:USW00014764
2006-01-01T00:00:00,WSF5,25,X,GHCND:USW00014764
2007-01-01T00:00:00,AWND,3.2,W,GHCND:USW00014764
2007-01-01T00:00:00,CDSD,209.1,,GHCND:USW00014764
2007-01-01T00:00:00,CLDD,209.1,0,GHCND:USW00014764
2007-01-01T00:00:00,DP01,122,0,GHCND:USW00014764
2007-01-01T00:00:00,DP10,75,0,GHCND:USW00014764
2007-01-01T00:00:00,DP1X,11,0,GHCND:USW00014764
2007-01-01T00:00:00,DSND,98,,GHCND:USW00014764
2007-01-01T00:00:00,DSNW,18,0,GHCND:USW00014764
2007-01-01T00:00:00,DT00,8,0,GHCND:USW00014764
2007-01-01T00:00:00,DT32,149,0,GHCND:USW00014764
2007-01-01T00:00:00,DX32,59,0,GHCND:USW00014764
2007-01-01T00:00:00,DX70,113,0,GHCND:USW00014764
2007-01-01T00:00:00,DX90,7,0,GHCND:USW00014764
2007-01-01T00:00:00,DYFG,170, ,GHCND:USW00014764
2007-01-01T00:00:00,DYHF,46, ,GHCND:USW00014764
2007-01-01T00:00:00,DYTS,17, ,GHCND:USW00014764
2007-01-01T00:00:00,EMNT,-21.7,"0,0127, ",GHCND:USW00014764
2007-01-01T00:00:00,EMSD,406," ,0,1222,+",GHCND:USW00014764
2007-01-01T00:00:00,EMSN,251," ,0,0214, ",GHCND:USW00014764
2007-01-01T00:00:00,EMXP,99.3," ,0,1012, ",GHCND:USW00014764
2007-01-01T00:00:00,EMXT,34.4,"0,0627,+",GHCND:USW00014764
2007-01-01T00:00:00,FZF0,0,"0,1017",GHCND:USW00014764
2007-01-01T00:00:00,FZF1,-2.2,"0,1029",GHCND:USW00014764
2007-01-01T00:00:00,FZF2,-4.4,"0,1112",GHCND:USW00014764
2007-01-01T00:00:00,FZF3,-7.2,"0,1118",GHCND:USW00014764
2007-01-01T00:00:00,FZF4,-10,"0,1124",GHCND:USW00014764
2007-01-01T00:00:00,FZF5,-1.1,"0,0426",GHCND:USW00014764
2007-01-01T00:00:00,FZF6,-2.2,"0,0412",GHCND:USW00014764
2007-01-01T00:00:00,FZF7,-4.4,"0,0411",GHCND:USW00014764
2007-01-01T00:00:00,FZF8,-8.9,"0,0321",GHCND:USW00014764
2007-01-01T00:00:00,FZF9,-8.9,"0,0321",GHCND:USW00014764
2007-01-01T00:00:00,HDSD,3833.4,4,GHCND:USW00014764
2007-01-01T00:00:00,HTDD,3833.4,0,GHCND:USW00014764
2007-01-01T00:00:00,PRCP,1191.3," ,0",GHCND:USW00014764
2007-01-01T00:00:00,SNOW,2265," ,0",GHCND:USW00014764
2007-01-01T00:00:00,TAVG,7.8,0,GHCND:USW00014764
2007-01-01T00:00:00,TMAX,12.93,0,GHCND:USW00014764
2007-01-01T00:00:00,TMIN,2.67,0,GHCND:USW00014764
2007-01-01T00:00:00,WDF2,70,X,GHCND:USW00014764
2007-01-01T00:00:00,WDF5,70,X,GHCND:USW00014764
2007-01-01T00:00:00,WSF2,19.2,X,GHCND:USW00014764
2007-01-01T00:00:00,WSF5,26.4,X,GHCND:USW00014764
2008-01-01T00:00:00,AWND,3,W,GHCND:USW00014764
2008-01-01T00:00:00,CDSD,173.1,,GHCND:USW00014764
2008-01-01T00:00:00,CLDD,173.1,0,GHCND:USW00014764
2008-01-01T00:00:00,DP01,137,0,GHCND:USW00014764
2008-01-01T00:00:00,DP10,94,0,GHCND:USW00014764
2008-01-01T00:00:00,DP1X,19,0,GHCND:USW00014764
2008-01-01T00:00:00,DSND,95,,GHCND:USW00014764
2008-01-01T00:00:00,DSNW,20,0,GHCND:USW00014764
2008-01-01T00:00:00,DT00,5,0,GHCND:USW00014764
2008-01-01T00:00:00,DT32,152,0,GHCND:USW00014764
2008-01-01T00:00:00,DX32,39,0,GHCND:USW00014764
2008-01-01T00:00:00,DX70,102,0,GHCND:USW00014764
2008-01-01T00:00:00,DX90,0,0,GHCND:USW00014764
2008-01-01T00:00:00,DYFG,194, ,GHCND:USW00014764
2008-01-01T00:00:00,DYHF,55, ,GHCND:USW00014764
2008-01-01T00:00:00,DYTS,23, ,GHCND:USW00014764
2008-01-01T00:00:00,EMNT,-20.6,"0,0104, ",GHCND:USW00014764
2008-01-01T00:00:00,EMSD,508," ,0,1223,+",GHCND:USW00014764
2008-01-01T00:00:00,EMSN,368," ,0,1221, ",GHCND:USW00014764
2008-01-01T00:00:00,EMXP,96.3," ,0,0906, ",GHCND:USW00014764
2008-01-01T00:00:00,EMXT,31.1,"0,0904, ",GHCND:USW00014764
2008-01-01T00:00:00,FZF0,-0.6,"0,1018",GHCND:USW00014764
2008-01-01T00:00:00,FZF1,-2.2,"0,1023",GHCND:USW00014764
2008-01-01T00:00:00,FZF2,-4.4,"0,1102",GHCND:USW00014764
2008-01-01T00:00:00,FZF3,-6.7,"0,1119",GHCND:USW00014764
2008-01-01T00:00:00,FZF4,-10,"0,1120",GHCND:USW00014764
2008-01-01T00:00:00,FZF5,0,"0,0502",GHCND:USW00014764
2008-01-01T00:00:00,FZF6,-2.2,"0,0416",GHCND:USW00014764
2008-01-01T00:00:00,FZF7,-7.2,"0,0330",GHCND:USW00014764
2008-01-01T00:00:00,FZF8,-7.2,"0,0330",GHCND:USW00014764
2008-01-01T00:00:00,FZF9,-11.1,"0,0311",GHCND:USW00014764
2008-01-01T00:00:00,HDSD,3876.7,7,GHCND:USW00014764
2008-01-01T00:00:00,HTDD,3876.7,0,GHCND:USW00014764
2008-01-01T00:00:00,PRCP,1556," ,0",GHCND:USW00014764
2008-01-01T00:00:00,SNOW,2324," ,0",GHCND:USW00014764
2008-01-01T00:00:00,TAVG,8.21,0,GHCND:USW00014764
2008-01-01T00:00:00,TMAX,13.23,0,GHCND:USW00014764
2008-01-01T00:00:00,TMIN,3.2,0,GHCND:USW00014764
2008-01-01T00:00:00,WDF2,110,X,GHCND:USW00014764
2008-01-01T00:00:00,WDF5,90,X,GHCND:USW00014764
2008-01-01T00:00:00,WSF2,17.4,X,GHCND:USW00014764
2008-01-01T00:00:00,WSF5,23.2,X,GHCND:USW00014764
2009-01-01T00:00:00,AWND,3.1,W,GHCND:USW00014764
2009-01-01T00:00:00,CDSD,162.1,,GHCND:USW00014764
2009-01-01T00:00:00,CLDD,162.1,0,GHCND:USW00014764
2009-01-01T00:00:00,DP01,136,0,GHCND:USW00014764
2009-01-01T00:00:00,DP10,81,0,GHCND:USW00014764
2009-01-01T00:00:00,DP1X,19,0,GHCND:USW00014764
2009-01-01T00:00:00,DSND,80,,GHCND:USW00014764
2009-01-01T00:00:00,DSNW,16,0,GHCND:USW00014764
2009-01-01T00:00:00,DT00,10,0,GHCND:USW00014764
2009-01-01T00:00:00,DT32,139,0,GHCND:USW00014764
2009-01-01T00:00:00,DX32,48,0,GHCND:USW00014764
2009-01-01T00:00:00,DX70,95,0,GHCND:USW00014764
2009-01-01T00:00:00,DX90,4,0,GHCND:USW00014764
2009-01-01T00:00:00,DYFG,180, ,GHCND:USW00014764
2009-01-01T00:00:00,DYHF,49, ,GHCND:USW00014764
2009-01-01T00:00:00,DYTS,11, ,GHCND:USW00014764
2009-01-01T00:00:00,EMNT,-26.7,"0,0116, ",GHCND:USW00014764
2009-01-01T00:00:00,EMSD,406," ,0,0129, ",GHCND:USW00014764
2009-01-01T00:00:00,EMSN,292," ,0,0118, ",GHCND:USW00014764
2009-01-01T00:00:00,EMXP,127.8," ,0,1114, ",GHCND:USW00014764
2009-01-01T00:00:00,EMXT,33.3,"0,0428, ",GHCND:USW00014764
2009-01-01T00:00:00,FZF0,0,"0,1011",GHCND:USW00014764
2009-01-01T00:00:00,FZF1,-2.2,"0,1017",GHCND:USW00014764
2009-01-01T00:00:00,FZF2,-5,"0,1119",GHCND:USW00014764
2009-01-01T00:00:00,FZF3,-6.7,"0,1212",GHCND:USW00014764
2009-01-01T00:00:00,FZF4,-8.9,"0,1213",GHCND:USW00014764
2009-01-01T00:00:00,FZF5,0,"0,0430",GHCND:USW00014764
2009-01-01T00:00:00,FZF6,-2.2,"0,0420",GHCND:USW00014764
2009-01-01T00:00:00,FZF7,-5,"0,0326",GHCND:USW00014764
2009-01-01T00:00:00,FZF8,-6.7,"0,0323",GHCND:USW00014764
2009-01-01T00:00:00,FZF9,-10.6,"0,0313",GHCND:USW00014764
2009-01-01T00:00:00,HDSD,3976.5,5,GHCND:USW00014764
2009-01-01T00:00:00,HTDD,3976.5,0,GHCND:USW00014764
2009-01-01T00:00:00,PRCP,1489.5," ,0",GHCND:USW00014764
2009-01-01T00:00:00,SNOW,1722," ,0",GHCND:USW00014764
2009-01-01T00:00:00,TAVG,7.83,0,GHCND:USW00014764
2009-01-01T00:00:00,TMAX,12.85,0,GHCND:USW00014764
2009-01-01T00:00:00,TMIN,2.82,0,GHCND:USW00014764
2009-01-01T00:00:00,WDF2,290,X,GHCND:USW00014764
2009-01-01T00:00:00,WSF2,16.1,X,GHCND:USW00014764
2010-01-01T00:00:00,AWND,3.4,W,GHCND:USW00014764
2010-01-01T00:00:00,CDSD,299.6,,GHCND:USW00014764
2010-01-01T00:00:00,CLDD,299.6,0,GHCND:USW00014764
2010-01-01T00:00:00,DP01,116,0,GHCND:USW00014764
2010-01-01T00:00:00,DP10,73,0,GHCND:USW00014764
2010-01-01T00:00:00,DP1X,16,0,GHCND:USW00014764
2010-01-01T00:00:00,DSND,44,,GHCND:USW00014764
2010-01-01T00:00:00,DSNW,10,0,GHCND:USW00014764
2010-01-01T00:00:00,DT00,1,0,GHCND:USW00014764
2010-01-01T00:00:00,DT32,129,0,GHCND:USW00014764
2010-01-01T00:00:00,DX32,31,0,GHCND:USW00014764
2010-01-01T00:00:00,DX70,119,0,GHCND:USW00014764
2010-01-01T00:00:00,DX90,10,0,GHCND:USW00014764
2010-01-01T00:00:00,DYFG,154, ,GHCND:USW00014764
2010-01-01T00:00:00,DYHF,32, ,GHCND:USW00014764
2010-01-01T00:00:00,DYTS,10, ,GHCND:USW00014764
2010-01-01T00:00:00,EMNT,-18.3,"0,0110, ",GHCND:USW00014764
2010-01-01T00:00:00,EMSD,305," ,0,0120, ",GHCND:USW00014764
2010-01-01T00:00:00,EMSN,188," ,0,0118, ",GHCND:USW00014764
2010-01-01T00:00:00,EMXP,97.3," ,0,0225, ",GHCND:USW00014764
2010-01-01T00:00:00,EMXT,35,"0,0706, ",GHCND:USW00014764
2010-01-01T00:00:00,FZF0,0,"0,1010",GHCND:USW00014764
2010-01-01T00:00:00,FZF1,-2.2,"0,1102",GHCND:USW00014764
2010-01-01T00:00:00,FZF2,-4.4,"0,1103",GHCND:USW00014764
2010-01-01T00:00:00,FZF3,-6.7,"0,1129",GHCND:USW00014764
2010-01-01T00:00:00,FZF4,-11.7,"0,1209",GHCND:USW00014764
2010-01-01T00:00:00,FZF5,-1.7,"0,0511",GHCND:USW00014764
2010-01-01T00:00:00,FZF6,-7.2,"0,0327",GHCND:USW00014764
2010-01-01T00:00:00,FZF7,-7.2,"0,0327",GHCND:USW00014764
2010-01-01T00:00:00,FZF8,-7.2,"0,0327",GHCND:USW00014764
2010-01-01T00:00:00,FZF9,-10,"0,0208",GHCND:USW00014764
2010-01-01T00:00:00,HDSD,3544.2,2,GHCND:USW00014764
2010-01-01T00:00:00,HTDD,3544.2,0,GHCND:USW00014764
2010-01-01T00:00:00,PRCP,1334.5," ,0",GHCND:USW00014764
2010-01-01T00:00:00,SNOW,930," ,0",GHCND:USW00014764
2010-01-01T00:00:00,TAVG,9.56,0,GHCND:USW00014764
2010-01-01T00:00:00,TMAX,14.64,0,GHCND:USW00014764
2010-01-01T00:00:00,TMIN,4.47,0,GHCND:USW00014764
2010-01-01T00:00:00,WDF2,360,X,GHCND:USW00014764
2010-01-01T00:00:00,WSF2,21.9,X,GHCND:USW00014764
2011-01-01T00:00:00,AWND,3.4,W,GHCND:USW00014764
2011-01-01T00:00:00,CDSD,241.3,,GHCND:USW00014764
2011-01-01T00:00:00,CLDD,241.3,X,GHCND:USW00014764
2011-01-01T00:00:00,DP01,139,X,GHCND:USW00014764
2011-01-01T00:00:00,DP10,91,X,GHCND:USW00014764
2011-01-01T00:00:00,DP1X,14,X,GHCND:USW00014764
2011-01-01T00:00:00,DSND,88,,GHCND:USW00014764
2011-01-01T00:00:00,DSNW,18,W,GHCND:USW00014764
2011-01-01T00:00:00,DT00,7,X,GHCND:USW00014764
2011-01-01T00:00:00,DT32,134,X,GHCND:USW00014764
2011-01-01T00:00:00,DX32,37,X,GHCND:USW00014764
2011-01-01T00:00:00,DX70,106,X,GHCND:USW00014764
2011-01-01T00:00:00,DX90,5,X,GHCND:USW00014764
2011-01-01T00:00:00,DYFG,188, ,GHCND:USW00014764
2011-01-01T00:00:00,DYHF,51, ,GHCND:USW00014764
2011-01-01T00:00:00,DYTS,20, ,GHCND:USW00014764
2011-01-01T00:00:00,EMNT,-25,"X,0124, ",GHCND:USW00014764
2011-01-01T00:00:00,EMSD,584," ,W,0228,+",GHCND:USW00014764
2011-01-01T00:00:00,EMSN,330," ,W,0112, ",GHCND:USW00014764
2011-01-01T00:00:00,EMXP,63.2," ,X,0729, ",GHCND:USW00014764
2011-01-01T00:00:00,EMXT,37.8,"X,0722, ",GHCND:USW00014764
2011-01-01T00:00:00,FZF0,0,"X,1007",GHCND:USW00014764
2011-01-01T00:00:00,FZF1,-2.8,"X,1029",GHCND:USW00014764
2011-01-01T00:00:00,FZF2,-4.4,"X,1106",GHCND:USW00014764
2011-01-01T00:00:00,FZF3,-7.2,"X,1211",GHCND:USW00014764
2011-01-01T00:00:00,FZF4,-11.7,"X,1218",GHCND:USW00014764
2011-01-01T00:00:00,FZF5,-0.6,"X,0423",GHCND:USW00014764
2011-01-01T00:00:00,FZF6,-3.3,"X,0416",GHCND:USW00014764
2011-01-01T00:00:00,FZF7,-4.4,"X,0408",GHCND:USW00014764
2011-01-01T00:00:00,FZF8,-7.2,"X,0326",GHCND:USW00014764
2011-01-01T00:00:00,FZF9,-18.3,"X,0304",GHCND:USW00014764
2011-01-01T00:00:00,HDSD,3904.1,1,GHCND:USW00014764
2011-01-01T00:00:00,HTDD,3904.1,X,GHCND:USW00014764
2011-01-01T00:00:00,PRCP,1316," ,X",GHCND:USW00014764
2011-01-01T00:00:00,SNOW,1883," ,W",GHCND:USW00014764
2011-01-01T00:00:00,TAVG,8.76,X,GHCND:USW00014764
2011-01-01T00:00:00,TMAX,13.74,X,GHCND:USW00014764
2011-01-01T00:00:00,TMIN,3.79,X,GHCND:USW00014764
2011-01-01T00:00:00,WDF2,160,X,GHCND:USW00014764
2011-01-01T00:00:00,WSF2,17.9,X,GHCND:USW00014764
2012-01-01T00:00:00,AWND,3.2,X,GHCND:USW00014764
2012-01-01T00:00:00,CDSD,263.7,,GHCND:USW00014764
2012-01-01T00:00:00,CLDD,263.7,X,GHCND:USW00014764
2012-01-01T00:00:00,DP01,141,X,GHCND:USW00014764
2012-01-01T00:00:00,DP10,81,X,GHCND:USW00014764
2012-01-01T00:00:00,DP1X,12,X,GHCND:USW00014764
2012-01-01T00:00:00,DSND,52,,GHCND:USW00014764
2012-01-01T00:00:00,DSNW,12,X,GHCND:USW00014764
2012-01-01T00:00:00,DT00,3,X,GHCND:USW00014764
2012-01-01T00:00:00,DT32,139,X,GHCND:USW00014764
2012-01-01T00:00:00,DX32,26,X,GHCND:USW00014764
2012-01-01T00:00:00,DX70,111,X,GHCND:USW00014764
2012-01-01T00:00:00,DX90,4,X,GHCND:USW00014764
2012-01-01T00:00:00,DYFG,131, ,GHCND:USW00014764
2012-01-01T00:00:00,DYHF,33, ,GHCND:USW00014764
2012-01-01T00:00:00,DYTS,10, ,GHCND:USW00014764
2012-01-01T00:00:00,EMNT,-20,"X,0116, ",GHCND:USW00014764
2012-01-01T00:00:00,EMSD,305," ,X,1230, ",GHCND:USW00014764
2012-01-01T00:00:00,EMSN,330," ,X,0301, ",GHCND:USW00014764
2012-01-01T00:00:00,EMXP,92.2," ,X,0602, ",GHCND:USW00014764
2012-01-01T00:00:00,EMXT,33.9,"X,0620, ",GHCND:USW00014764
2012-01-01T00:00:00,FZF0,-1.7,"X,1013",GHCND:USW00014764
2012-01-01T00:00:00,FZF1,-2.8,"X,1105",GHCND:USW00014764
2012-01-01T00:00:00,FZF2,-4.4,"X,1118",GHCND:USW00014764
2012-01-01T00:00:00,FZF3,-6.7,"X,1130",GHCND:USW00014764
2012-01-01T00:00:00,FZF4,-9.4,"X,1226",GHCND:USW00014764
2012-01-01T00:00:00,FZF5,-1.1,"X,0430",GHCND:USW00014764
2012-01-01T00:00:00,FZF6,-2.8,"X,0407",GHCND:USW00014764
2012-01-01T00:00:00,FZF7,-5,"X,0401",GHCND:USW00014764
2012-01-01T00:00:00,FZF8,-6.7,"X,0307",GHCND:USW00014764
2012-01-01T00:00:00,FZF9,-10,"X,0306",GHCND:USW00014764
2012-01-01T00:00:00,HDSD,3325.4,4,GHCND:USW00014764
2012-01-01T00:00:00,HTDD,3325.4,X,GHCND:USW00014764
2012-01-01T00:00:00,PRCP,1384.6," ,X",GHCND:USW00014764
2012-01-01T00:00:00,SNOW,1599," ,X",GHCND:USW00014764
2012-01-01T00:00:00,TAVG,9.54,X,GHCND:USW00014764
2012-01-01T00:00:00,TMAX,14.49,X,GHCND:USW00014764
2012-01-01T00:00:00,TMIN,4.6,X,GHCND:USW00014764
2012-01-01T00:00:00,WDF2,70,X,GHCND:USW00014764
2012-01-01T00:00:00,WSF2,19.2,X,GHCND:USW00014764
2013-01-01T00:00:00,AWND,3.4,W,GHCND:USW00014764
2013-01-01T00:00:00,CDSD,244.2,,GHCND:USW00014764
2013-01-01T00:00:00,CLDD,244.2,W,GHCND:USW00014764
2013-01-01T00:00:00,DP01,131,W,GHCND:USW00014764
2013-01-01T00:00:00,DP10,81,W,GHCND:USW00014764
2013-01-01T00:00:00,DP1X,11,W,GHCND:USW00014764
2013-01-01T00:00:00,DSND,97,,GHCND:USW00014764
2013-01-01T00:00:00,DSNW,16,W,GHCND:USW00014764
2013-01-01T00:00:00,DT00,4,W,GHCND:USW00014764
2013-01-01T00:00:00,DT32,151,W,GHCND:USW00014764
2013-01-01T00:00:00,DX32,41,W,GHCND:USW00014764
2013-01-01T00:00:00,DX70,102,W,GHCND:USW00014764
2013-01-01T00:00:00,DX90,10,W,GHCND:USW00014764
2013-01-01T00:00:00,DYFG,105, ,GHCND:USW00014764
2013-01-01T00:00:00,DYHF,11, ,GHCND:USW00014764
2013-01-01T00:00:00,DYTS,2, ,GHCND:USW00014764
2013-01-01T00:00:00,EMNT,-21,"W,1217, ",GHCND:USW00014764
2013-01-01T00:00:00,EMSD,533," ,W,0209, ",GHCND:USW00014764
2013-01-01T00:00:00,EMSN,422," ,W,0209, ",GHCND:USW00014764
2013-01-01T00:00:00,EMXP,63," ,W,1127, ",GHCND:USW00014764
2013-01-01T00:00:00,EMXT,35,"W,0719, ",GHCND:USW00014764
2013-01-01T00:00:00,FZF0,-0.5,"W,1025",GHCND:USW00014764
2013-01-01T00:00:00,FZF1,-3.2,"W,1026",GHCND:USW00014764
2013-01-01T00:00:00,FZF2,-5.5,"W,1104",GHCND:USW00014764
2013-01-01T00:00:00,FZF3,-8.2,"W,1113",GHCND:USW00014764
2013-01-01T00:00:00,FZF4,-9.9,"W,1129",GHCND:USW00014764
2013-01-01T00:00:00,FZF5,0,"W,0501",GHCND:USW00014764
2013-01-01T00:00:00,FZF6,-3.8,"W,0407",GHCND:USW00014764
2013-01-01T00:00:00,FZF7,-4.4,"X,0323",GHCND:USW00014764
2013-01-01T00:00:00,FZF8,-7.2,"X,0320",GHCND:USW00014764
2013-01-01T00:00:00,FZF9,-10.6,"X,0318",GHCND:USW00014764
2013-01-01T00:00:00,HDSD,3694,0,GHCND:USW00014764
2013-01-01T00:00:00,HTDD,3694,W,GHCND:USW00014764
2013-01-01T00:00:00,PRCP,1115.4," ,W",GHCND:USW00014764
2013-01-01T00:00:00,SNOW,2469," ,W",GHCND:USW00014764
2013-01-01T00:00:00,TAVG,8.3,W,GHCND:USW00014764
2013-01-01T00:00:00,TMAX,13.24,W,GHCND:USW00014764
2013-01-01T00:00:00,TMIN,3.36,W,GHCND:USW00014764
2013-01-01T00:00:00,WDF2,360,W,GHCND:USW00014764
2013-01-01T00:00:00,WSF2,19.2,W,GHCND:USW00014764
2014-01-01T00:00:00,AWND,3.4,W,GHCND:USW00014764
2014-01-01T00:00:00,CDSD,185.8,,GHCND:USW00014764
2014-01-01T00:00:00,CLDD,185.8,W,GHCND:USW00014764
2014-01-01T00:00:00,DP01,136,W,GHCND:USW00014764
2014-01-01T00:00:00,DP10,87,W,GHCND:USW00014764
2014-01-01T00:00:00,DP1X,13,W,GHCND:USW00014764
2014-01-01T00:00:00,DSND,108,,GHCND:USW00014764
2014-01-01T00:00:00,DSNW,17,W,GHCND:USW00014764
2014-01-01T00:00:00,DT00,9,W,GHCND:USW00014764
2014-01-01T00:00:00,DT32,139,W,GHCND:USW00014764
2014-01-01T00:00:00,DX32,52,W,GHCND:USW00014764
2014-01-01T00:00:00,DX70,108,W,GHCND:USW00014764
2014-01-01T00:00:00,DX90,0,W,GHCND:USW00014764
2014-01-01T00:00:00,DYFG,126, ,GHCND:USW00014764
2014-01-01T00:00:00,DYHF,14, ,GHCND:USW00014764
2014-01-01T00:00:00,DYTS,4, ,GHCND:USW00014764
2014-01-01T00:00:00,EMNT,-25.5,"W,0104, ",GHCND:USW00014764
2014-01-01T00:00:00,EMSD,460," ,W,0220,+",GHCND:USW00014764
2014-01-01T00:00:00,EMSN,234," ,W,0213, ",GHCND:USW00014764
2014-01-01T00:00:00,EMXP,163.3," ,W,0813, ",GHCND:USW00014764
2014-01-01T00:00:00,EMXT,31.1,"W,0827, ",GHCND:USW00014764
2014-01-01T00:00:00,FZF0,0,"W,1103",GHCND:USW00014764
2014-01-01T00:00:00,FZF1,-3.2,"W,1114",GHCND:USW00014764
2014-01-01T00:00:00,FZF2,-5.5,"W,1115",GHCND:USW00014764
2014-01-01T00:00:00,FZF3,-11.6,"W,1129",GHCND:USW00014764
2014-01-01T00:00:00,FZF4,-11.6,"W,1129",GHCND:USW00014764
2014-01-01T00:00:00,FZF5,-2.1,"W,0420",GHCND:USW00014764
2014-01-01T00:00:00,FZF6,-4.3,"W,0418",GHCND:USW00014764
2014-01-01T00:00:00,FZF7,-5.5,"W,0417",GHCND:USW00014764
2014-01-01T00:00:00,FZF8,-8.8,"W,0327",GHCND:USW00014764
2014-01-01T00:00:00,FZF9,-12.7,"W,0325",GHCND:USW00014764
2014-01-01T00:00:00,HDSD,4167.1,1,GHCND:USW00014764
2014-01-01T00:00:00,HTDD,4167.1,W,GHCND:USW00014764
2014-01-01T00:00:00,PRCP,1420.1," ,W",GHCND:USW00014764
2014-01-01T00:00:00,SNOW,1794," ,W",GHCND:USW00014764
2014-01-01T00:00:00,TAVG,8,W,GHCND:USW00014764
2014-01-01T00:00:00,TMAX,12.97,W,GHCND:USW00014764
2014-01-01T00:00:00,TMIN,3.02,W,GHCND:USW00014764
2014-01-01T00:00:00,WDF2,320,W,GHCND:USW00014764
2014-01-01T00:00:00,WDF5,340,W,GHCND:USW00014764
2014-01-01T00:00:00,WSF2,16.5,W,GHCND:USW00014764
2014-01-01T00:00:00,WSF5,22.4,W,GHCND:USW00014764
2015-01-01T00:00:00,AWND,3.3,W,GHCND:USW00014764
2015-01-01T00:00:00,CDSD,264.1,,GHCND:USW00014764
2015-01-01T00:00:00,CLDD,264.1,W,GHCND:USW00014764
2015-01-01T00:00:00,DP01,127,W,GHCND:USW00014764
2015-01-01T00:00:00,DP10,74,W,GHCND:USW00014764
2015-01-01T00:00:00,DP1X,10,W,GHCND:USW00014764
2015-01-01T00:00:00,DSND,98,,GHCND:USW00014764
2015-01-01T00:00:00,DSNW,22,W,GHCND:USW00014764
2015-01-01T00:00:00,DT00,17,W,GHCND:USW00014764
2015-01-01T00:00:00,DT32,143,W,GHCND:USW00014764
2015-01-01T00:00:00,DX32,49,W,GHCND:USW00014764
2015-01-01T00:00:00,DX70,115,W,GHCND:USW00014764
2015-01-01T00:00:00,DX90,3,W,GHCND:USW00014764
2015-01-01T00:00:00,DYFG,157, ,GHCND:USW00014764
2015-01-01T00:00:00,DYHF,34, ,GHCND:USW00014764
2015-01-01T00:00:00,DYTS,18, ,GHCND:USW00014764
2015-01-01T00:00:00,EMNT,-23.8,"W,0224, ",GHCND:USW00014764
2015-01-01T00:00:00,EMSD,640," ,W,0219, ",GHCND:USW00014764
2015-01-01T00:00:00,EMSN,564," ,W,0127, ",GHCND:USW00014764
2015-01-01T00:00:00,EMXP,141.2," ,W,0930, ",GHCND:USW00014764
2015-01-01T00:00:00,EMXT,33.3,"W,0907, ",GHCND:USW00014764
2015-01-01T00:00:00,FZF0,0,"W,1017",GHCND:USW00014764
2015-01-01T00:00:00,FZF1,-2.7,"W,1018",GHCND:USW00014764
2015-01-01T00:00:00,FZF2,-4.9,"W,1019",GHCND:USW00014764
2015-01-01T00:00:00,FZF3,-7.7,"W,1124",GHCND:USW00014764
2015-01-01T00:00:00,FZF5,0,"W,0425",GHCND:USW00014764
2015-01-01T00:00:00,FZF6,-2.7,"W,0406",GHCND:USW00014764
2015-01-01T00:00:00,FZF7,-4.9,"W,0405",GHCND:USW00014764
2015-01-01T00:00:00,FZF8,-9.3,"W,0324",GHCND:USW00014764
2015-01-01T00:00:00,FZF9,-9.3,"W,0324",GHCND:USW00014764
2015-01-01T00:00:00,HDSD,3962.4,4,GHCND:USW00014764
2015-01-01T00:00:00,HTDD,3962.4,W,GHCND:USW00014764
2015-01-01T00:00:00,PRCP,1113.8," ,W",GHCND:USW00014764
2015-01-01T00:00:00,SNOW,2234," ,W",GHCND:USW00014764
2015-01-01T00:00:00,TAVG,8.4,W,GHCND:USW00014764
2015-01-01T00:00:00,TMAX,13.85,W,GHCND:USW00014764
2015-01-01T00:00:00,TMIN,2.94,W,GHCND:USW00014764
2015-01-01T00:00:00,WDF2,320,W,GHCND:USW00014764
2015-01-01T00:00:00,WDF5,300,W,GHCND:USW00014764
2015-01-01T00:00:00,WSF2,17.4,W,GHCND:USW00014764
2015-01-01T00:00:00,WSF5,23.7,W,GHCND:USW00014764
2016-01-01T00:00:00,AWND,3.4,W,GHCND:USW00014764
2016-01-01T00:00:00,CDSD,295.9,,GHCND:USW00014764
2016-01-01T00:00:00,CLDD,295.9,W,GHCND:USW00014764
2016-01-01T00:00:00,DP01,128,W,GHCND:USW00014764
2016-01-01T00:00:00,DP10,72,W,GHCND:USW00014764
2016-01-01T00:00:00,DP1X,8,W,GHCND:USW00014764
2016-01-01T00:00:00,DSND,67,,GHCND:USW00014764
2016-01-01T00:00:00,DSNW,16,W,GHCND:USW00014764
2016-01-01T00:00:00,DT00,5,W,GHCND:USW00014764
2016-01-01T00:00:00,DT32,140,W,GHCND:USW00014764
2016-01-01T00:00:00,DX32,31,W,GHCND:USW00014764
2016-01-01T00:00:00,DX70,119,W,GHCND:USW00014764
2016-01-01T00:00:00,DX90,8,W,GHCND:USW00014764
2016-01-01T00:00:00,DYFG,154, ,GHCND:USW00014764
2016-01-01T00:00:00,DYHF,36, ,GHCND:USW00014764
2016-01-01T00:00:00,DYTS,16, ,GHCND:USW00014764
2016-01-01T00:00:00,EMNT,-23.2,"W,0215,+",GHCND:USW00014764
2016-01-01T00:00:00,EMSD,200," ,W,0119, ",GHCND:USW00014764
2016-01-01T00:00:00,EMSN,224," ,W,0205, ",GHCND:USW00014764
2016-01-01T00:00:00,EMXP,96.8," ,W,1021, ",GHCND:USW00014764
2016-01-01T00:00:00,EMXT,37.2,"W,0812, ",GHCND:USW00014764
2016-01-01T00:00:00,FZF0,-1,"W,1015",GHCND:USW00014764
2016-01-01T00:00:00,FZF1,-3.2,"W,1101",GHCND:USW00014764
2016-01-01T00:00:00,FZF2,-4.9,"W,1129",GHCND:USW00014764
2016-01-01T00:00:00,FZF3,-8.8,"W,1206",GHCND:USW00014764
2016-01-01T00:00:00,FZF4,-11.6,"W,1210",GHCND:USW00014764
2016-01-01T00:00:00,FZF5,-1,"W,0430",GHCND:USW00014764
2016-01-01T00:00:00,FZF6,-2.7,"W,0427",GHCND:USW00014764
2016-01-01T00:00:00,FZF7,-8.2,"W,0406",GHCND:USW00014764
2016-01-01T00:00:00,FZF8,-8.2,"W,0406",GHCND:USW00014764
2016-01-01T00:00:00,FZF9,-9.9,"W,0304",GHCND:USW00014764
2016-01-01T00:00:00,HDSD,3465.3,3,GHCND:USW00014764
2016-01-01T00:00:00,HTDD,3465.3,W,GHCND:USW00014764
2016-01-01T00:00:00,PRCP,1071," ,W",GHCND:USW00014764
2016-01-01T00:00:00,SNOW,1624," ,W",GHCND:USW00014764
2016-01-01T00:00:00,TAVG,9.17,W,GHCND:USW00014764
2016-01-01T00:00:00,TMAX,14.5,W,GHCND:USW00014764
2016-01-01T00:00:00,TMIN,3.83,W,GHCND:USW00014764
2016-01-01T00:00:00,WDF2,340,W,GHCND:USW00014764
2016-01-01T00:00:00,WDF5,340,W,GHCND:USW00014764
2016-01-01T00:00:00,WSF2,20.6,W,GHCND:USW00014764
2016-01-01T00:00:00,WSF5,23.3,W,GHCND:USW00014764
2017-01-01T00:00:00,AWND,3.4,W,GHCND:USW00014764
2017-01-01T00:00:00,CDSD,229.4,,GHCND:USW00014764
2017-01-01T00:00:00,CLDD,229.4,W,GHCND:USW00014764
2017-01-01T00:00:00,DP01,128,W,GHCND:USW00014764
2017-01-01T00:00:00,DP10,78,W,GHCND:USW00014764
2017-01-01T00:00:00,DP1X,12,W,GHCND:USW00014764
2017-01-01T00:00:00,DSND,87,,GHCND:USW00014764
2017-01-01T00:00:00,DSNW,18,W,GHCND:USW00014764
2017-01-01T00:00:00,DT00,4,W,GHCND:USW00014764
2017-01-01T00:00:00,DT32,142,W,GHCND:USW00014764
2017-01-01T00:00:00,DX32,39,W,GHCND:USW00014764
2017-01-01T00:00:00,DX70,122,W,GHCND:USW00014764
2017-01-01T00:00:00,DX90,3,W,GHCND:USW00014764
2017-01-01T00:00:00,DYFG,162, ,GHCND:USW00014764
2017-01-01T00:00:00,DYHF,32, ,GHCND:USW00014764
2017-01-01T00:00:00,DYTS,15, ,GHCND:USW00014764
2017-01-01T00:00:00,EMNT,-24.9,"W,1230,+",GHCND:USW00014764
2017-01-01T00:00:00,EMSD,510," ,W,0213, ",GHCND:USW00014764
2017-01-01T00:00:00,EMSN,414," ,W,0314, ",GHCND:USW00014764
2017-01-01T00:00:00,EMXP,48.5," ,W,0818, ",GHCND:USW00014764
2017-01-01T00:00:00,EMXT,33.9,"W,0518, ",GHCND:USW00014764
2017-01-01T00:00:00,FZF0,-1,"W,1101",GHCND:USW00014764
2017-01-01T00:00:00,FZF1,-3.8,"W,1108",GHCND:USW00014764
2017-01-01T00:00:00,FZF2,-5.5,"W,1109",GHCND:USW00014764
2017-01-01T00:00:00,FZF3,-8.2,"W,1111",GHCND:USW00014764
2017-01-01T00:00:00,FZF4,-9.9,"W,1214",GHCND:USW00014764
2017-01-01T00:00:00,FZF5,0,"W,0509",GHCND:USW00014764
2017-01-01T00:00:00,FZF6,-3.2,"W,0403",GHCND:USW00014764
2017-01-01T00:00:00,FZF7,-5.5,"W,0326",GHCND:USW00014764
2017-01-01T00:00:00,FZF8,-9.9,"W,0323",GHCND:USW00014764
2017-01-01T00:00:00,FZF9,-9.9,"W,0323",GHCND:USW00014764
2017-01-01T00:00:00,HDSD,3701.6,6,GHCND:USW00014764
2017-01-01T00:00:00,HTDD,3701.6,W,GHCND:USW00014764
2017-01-01T00:00:00,PRCP,1109.5," ,W",GHCND:USW00014764
2017-01-01T00:00:00,SNOW,2474," ,W",GHCND:USW00014764
2017-01-01T00:00:00,TAVG,8.68,W,GHCND:USW00014764
2017-01-01T00:00:00,TMAX,13.74,W,GHCND:USW00014764
2017-01-01T00:00:00,TMIN,3.62,W,GHCND:USW00014764
2017-01-01T00:00:00,WDF2,130,W,GHCND:USW00014764
2017-01-01T00:00:00,WDF5,130,W,GHCND:USW00014764
2017-01-01T00:00:00,WSF2,21.5,W,GHCND:USW00014764
2017-01-01T00:00:00,WSF5,30.9,W,GHCND:USW00014764
2018-01-01T00:00:00,AWND,3.4,W,GHCND:USW00014764
2018-01-01T00:00:00,CDSD,314.6,,GHCND:USW00014764
2018-01-01T00:00:00,CLDD,314.6,W,GHCND:USW00014764
2018-01-01T00:00:00,DP01,133,W,GHCND:USW00014764
2018-01-01T00:00:00,DP10,86,W,GHCND:USW00014764
2018-01-01T00:00:00,DP1X,15,W,GHCND:USW00014764
2018-01-01T00:00:00,DSND,97,,GHCND:USW00014764
2018-01-01T00:00:00,DSNW,18,W,GHCND:USW00014764
2018-01-01T00:00:00,DT00,4,W,GHCND:USW00014764
2018-01-01T00:00:00,DT32,149,W,GHCND:USW00014764
2018-01-01T00:00:00,DX32,36,W,GHCND:USW00014764
2018-01-01T00:00:00,DX70,114,W,GHCND:USW00014764
2018-01-01T00:00:00,DX90,9,W,GHCND:USW00014764
2018-01-01T00:00:00,DYFG,182, ,GHCND:USW00014764
2018-01-01T00:00:00,DYHF,43, ,GHCND:USW00014764
2018-01-01T00:00:00,DYTS,19, ,GHCND:USW00014764
2018-01-01T00:00:00,EMNT,-27.1,"W,0101, ",GHCND:USW00014764
2018-01-01T00:00:00,EMSD,410," ,W,0314,+",GHCND:USW00014764
2018-01-01T00:00:00,EMSN,302," ,W,0104, ",GHCND:USW00014764
2018-01-01T00:00:00,EMXP,61," ,W,0416, ",GHCND:USW00014764
2018-01-01T00:00:00,EMXT,33.9,"W,0828,+",GHCND:USW00014764
2018-01-01T00:00:00,FZF0,-1,"W,1018",GHCND:USW00014764
2018-01-01T00:00:00,FZF1,-3.8,"W,1026",GHCND:USW00014764
2018-01-01T00:00:00,FZF2,-6,"W,1112",GHCND:USW00014764
2018-01-01T00:00:00,FZF3,-7.7,"W,1114",GHCND:USW00014764
2018-01-01T00:00:00,FZF4,-9.3,"W,1115",GHCND:USW00014764
2018-01-01T00:00:00,FZF5,0,"W,0423",GHCND:USW00014764
2018-01-01T00:00:00,FZF6,-2.7,"W,0415",GHCND:USW00014764
2018-01-01T00:00:00,FZF7,-4.9,"W,0406",GHCND:USW00014764
2018-01-01T00:00:00,FZF8,-7.7,"W,0320",GHCND:USW00014764
2018-01-01T00:00:00,FZF9,-12.1,"W,0319",GHCND:USW00014764
2018-01-01T00:00:00,HDSD,3745.6,6,GHCND:USW00014764
2018-01-01T00:00:00,HTDD,3745.6,W,GHCND:USW00014764
2018-01-01T00:00:00,PRCP,1342.3," ,W",GHCND:USW00014764
2018-01-01T00:00:00,SNOW,2336," ,W",GHCND:USW00014764
2018-01-01T00:00:00,TAVG,8.63,W,GHCND:USW00014764
2018-01-01T00:00:00,TMAX,13.48,W,GHCND:USW00014764
2018-01-01T00:00:00,TMIN,3.78,W,GHCND:USW00014764
2018-01-01T00:00:00,WDF2,90,W,GHCND:USW00014764
2018-01-01T00:00:00,WDF5,60,W,GHCND:USW00014764
2018-01-01T00:00:00,WSF2,16.5,W,GHCND:USW00014764
2018-01-01T00:00:00,WSF5,23.3,W,GHCND:USW00014764
2019-01-01T00:00:00,AWND,3.3,W,GHCND:USW00014764
2019-01-01T00:00:00,CDSD,255.1,,GHCND:USW00014764
2019-01-01T00:00:00,CLDD,255.1,W,GHCND:USW00014764
2019-01-01T00:00:00,DP01,145,W,GHCND:USW00014764
2019-01-01T00:00:00,DP10,89,W,GHCND:USW00014764
2019-01-01T00:00:00,DP1X,12,W,GHCND:USW00014764
2019-01-01T00:00:00,DSND,91,,GHCND:USW00014764
2019-01-01T00:00:00,DSNW,20,W,GHCND:USW00014764
2019-01-01T00:00:00,DT00,1,W,GHCND:USW00014764
2019-01-01T00:00:00,DT32,146,W,GHCND:USW00014764
2019-01-01T00:00:00,DX32,42,W,GHCND:USW00014764
2019-01-01T00:00:00,DX70,101,W,GHCND:USW00014764
2019-01-01T00:00:00,DX90,4,W,GHCND:USW00014764
2019-01-01T00:00:00,DYFG,162, ,GHCND:USW00014764
2019-01-01T00:00:00,DYHF,31, ,GHCND:USW00014764
2019-01-01T00:00:00,DYTS,20, ,GHCND:USW00014764
2019-01-01T00:00:00,EMNT,-18.8,"W,0202, ",GHCND:USW00014764
2019-01-01T00:00:00,EMSD,280," ,W,1231, ",GHCND:USW00014764
2019-01-01T00:00:00,EMSN,249," ,W,1230, ",GHCND:USW00014764
2019-01-01T00:00:00,EMXP,86.4," ,W,1214, ",GHCND:USW00014764
2019-01-01T00:00:00,EMXT,34.4,"W,0721, ",GHCND:USW00014764
2019-01-01T00:00:00,FZF0,0,"W,1005",GHCND:USW00014764
2019-01-01T00:00:00,FZF1,-3.2,"W,1108",GHCND:USW00014764
2019-01-01T00:00:00,FZF2,-7.1,"W,1109",GHCND:USW00014764
2019-01-01T00:00:00,FZF3,-7.1,"W,1109",GHCND:USW00014764
2019-01-01T00:00:00,FZF4,-9.9,"W,1113",GHCND:USW00014764
2019-01-01T00:00:00,FZF5,-1,"W,0429",GHCND:USW00014764
2019-01-01T00:00:00,FZF6,-2.7,"W,0411",GHCND:USW00014764
2019-01-01T00:00:00,FZF7,-6.6,"W,0327",GHCND:USW00014764
2019-01-01T00:00:00,FZF8,-7.1,"W,0326",GHCND:USW00014764
2019-01-01T00:00:00,FZF9,-10.5,"W,0309",GHCND:USW00014764
2019-01-01T00:00:00,HDSD,3954.7,7,GHCND:USW00014764
2019-01-01T00:00:00,HTDD,3954.7,W,GHCND:USW00014764
2019-01-01T00:00:00,PRCP,1331.7," ,W",GHCND:USW00014764
2019-01-01T00:00:00,SNOW,1807," ,W",GHCND:USW00014764
2019-01-01T00:00:00,TAVG,8.32,W,GHCND:USW00014764
2019-01-01T00:00:00,TMAX,13.2,W,GHCND:USW00014764
2019-01-01T00:00:00,TMIN,3.45,W,GHCND:USW00014764
2019-01-01T00:00:00,WDF2,90,W,GHCND:USW00014764
2019-01-01T00:00:00,WDF5,90,W,GHCND:USW00014764
2019-01-01T00:00:00,WSF2,20.6,W,GHCND:USW00014764
2019-01-01T00:00:00,WSF5,27.7,W,GHCND:USW00014764
