thedate,AADaily,AAMax,BBDaily,BBMax,RSDaily,RSMax,FSDaily,FSMAx,JetportDaily,JetportMax,Comments
2015-01-01,0,0,0,0,0,0,0,0,0,0,NA
2015-01-02,0,0,0,0,0,0,0,0,0,0,NA
2015-01-03,0,0,0,0,0,0,0,0,0.41,0.11,NA
2015-01-04,0,0,0,0,0,0,0,0,0.47,0.1,NA
2015-01-05,0.09,0.02,0.06,0.02,0.01,0.01,0.12,0.04,0,0,NA
2015-01-06,0,0,0,0,0,0,0,0,0,0,NA
2015-01-07,0,0,0,0,0,0,0,0,0,0,NA
2015-01-08,0,0,0,0,0,0,0,0,0,0,NA
2015-01-09,0,0,0,0,0,0,0,0,0.05,0.02,NA
2015-01-10,0,0,0,0,0,0,0,0,0,0,NA
2015-01-11,0,0,0,0,0,0,0,0,0,0,NA
2015-01-12,0,0,0,0,0.01,0.01,0,0,0.21,0.05,NA
2015-01-13,0,0,0,0,0,0,0,0,0,0,NA
2015-01-14,0,0,0,0,0,0,0,0,0,0,NA
2015-01-15,0,0,0,0,0,0,0,0,0.03,0,NA
2015-01-16,0.03,0.02,0,0,0,0,0.02,0.01,0,0,NA
2015-01-17,0,0,0,0,0,0,0,0,0,0,NA
2015-01-18,0.57,0.23,0.71,0.31,0.4,0.16,0.47,0.12,0.25,0.08,NA
2015-01-19,0.12,0.06,0.08,0.03,0.08,0.04,0.1,0.05,0.11,0.05,NA
2015-01-20,0,0,0,0,0,0,0,0,0,0,NA
2015-01-21,0,0,0,0,0,0,0,0,0,0,NA
2015-01-22,0,0,0,0,0,0,0,0,0,0,NA
2015-01-23,0,0,0,0,0,0,0,0,0,0,NA
2015-01-24,0,0,0,0,0.03,0.02,0,0,0.27,0.04,NA
2015-01-25,0,0,0,0,0.01,0.01,0,0,0,0,NA
2015-01-26,0,0,0,0,0,0,0,0,0,0,NA
2015-01-27,0,0,0,0,0,0,0.01,0.01,2.37,0.07,NA
2015-01-28,0,0,0.01,0.01,0,0,0,0,0.1,0.03,NA
2015-01-29,0.14,0.06,0.21,0.1,0,0,0,0,0,0,NA
2015-01-30,0,0,0,0,0,0,0,0,0,0,NA
2015-01-31,0,0,0,0,0,0,0,0,0,0,NA
2015-02-01,0,0,0.02,0.02,0,0,0,0,0,0,NA
2015-02-02,0,0,0,0,0,0,0,0,0.89,0.1,NA
2015-02-03,0,0,0,0,0,0,0,0,0,0,NA
2015-02-04,0.02,0.01,0.12,0.06,0,0,0.01,0.01,0.06,0,NA
2015-02-05,0,0,0,0,0,0,0,0,0.21,0.05,NA
2015-02-06,0,0,0.01,0.01,0,0,0,0,0,0,NA
2015-02-07,0,0,0,0,0,0,0,0,0,0,NA
2015-02-08,0,0,0,0,0,0,0,0,0.26,0.03,NA
2015-02-09,0,0,0,0,0,0,0,0,0.4,0.03,NA
2015-02-10,0,0,0.01,0.01,0,0,0,0,0.13,0.04,NA
2015-02-11,0,0,0,0,0,0,0,0,0,0,NA
2015-02-12,0,0,0,0,0,0,0,0,0.04,0.01,NA
2015-02-13,0,0,0,0,0,0,0,0,0,0,NA
2015-02-14,0,0,0,0,0,0,0,0,0.23,0.04,NA
2015-02-15,0,0,0,0,0,0,0,0,0.02,0.01,NA
2015-02-16,0,0,0,0,0,0,0,0,0,0,NA
2015-02-17,0,0,0.01,0.01,0,0,0,0,0,0,NA
2015-02-18,0.04,0.02,0.01,0.01,0,0,0.02,0.02,0.02,0.01,NA
2015-02-19,0.02,0.01,0.25,0.14,0,0,0.12,0.08,0.3,0.12,NA
2015-02-20,0,0,0,0,0,0,0,0,0,0,NA
2015-02-21,0,0,0,0,0,0,0,0,0.15,0.04,NA
2015-02-22,0.08,0.04,0.01,0.01,0,0,0.14,0.11,0.01,0.01,NA
2015-02-23,0,0,0,0,0,0,0,0,0,0,NA
2015-02-24,0,0,0,0,0,0,0,0,0,0,NA
2015-02-25,0.02,0.01,0,0,0.02,0.02,0.03,0.02,0.09,0.04,NA
2015-02-26,0,0,0,0,0,0,0,0,0,0,NA
2015-02-27,0,0,0,0,0.01,0.01,0,0,0,0,NA
2015-02-28,0,0,0,0,0,0,0,0,0,0,NA
2015-03-01,0,0,0,0,0,0,0,0,0.05,0.02,NA
2015-03-02,0.02,0.01,0,0,0,0,0.03,0.02,0,0,NA
2015-03-03,0,0,0,0,0.01,0.01,0,0,0.24,0.09,NA
2015-03-04,0.25,0.16,0.02,0.01,0.22,0.2,0.17,0.1,0.03,0.02,NA
2015-03-05,0,0,0,0,0,0,0,0,0,0,NA
2015-03-06,0,0,0,0,0,0,0,0,0,0,NA
2015-03-07,0,0,0,0,0,0,0,0,0,0,NA
2015-03-08,0,0,0,0,0,0,0,0,0,0,NA
2015-03-09,0,0,0,0,0,0,0,0,0,0,NA
2015-03-10,0,0,0,0,0,0,0,0,0,0,NA
2015-03-11,0,0,0,0,0,0,0,0,0,0,NA
2015-03-12,0,0,0,0,0,0,0,0,0,0,NA
2015-03-13,0,0,0,0,0,0,0,0,0,0,NA
2015-03-14,0.76,0.18,0.63,0.17,0.76,0.2,0.81,0.21,0.83,0.19,NA
2015-03-15,0.07,0.03,0.08,0.02,0.04,0.01,0.02,0.01,0.05,0.01,NA
2015-03-16,0,0,0,0,0,0,0,0,0,0,NA
2015-03-17,0.02,0.01,0.02,0.02,0.03,0.01,0.02,0.01,0.04,0.02,NA
2015-03-18,0,0,0,0,0,0,0,0,0,0,NA
2015-03-19,0,0,0,0,0,0,0,0,0,0,NA
2015-03-20,0,0,0,0,0,0,0,0,0,0,NA
2015-03-21,0.01,0.01,0.01,0.01,0,0,0.02,0.01,0.02,0.01,NA
2015-03-22,0,0,0,0,0,0,0,0,0,0,NA
2015-03-23,0,0,0,0,0,0,0,0,0,0,NA
2015-03-24,0,0,0,0,0,0,0,0,0,0,NA
2015-03-25,0.02,0.02,0.01,0.01,0,0,0.02,0.01,0.01,0.01,NA
2015-03-26,0.41,0.12,0.37,0.11,0,0,0.42,0.12,0.43,0.12,NA
2015-03-27,0.18,0.11,0.16,0.08,0,0,0.09,0.04,0.07,0.04,NA
2015-03-28,0,0,0,0,0,0,0,0,0,0,NA
2015-03-29,0,0,0,0,0,0,0,0,0,0,NA
2015-03-30,0.01,0.01,0.01,0.01,0,0,0.01,0.01,0.02,0.01,NA
2015-03-31,0,0,0,0,0,0,0,0,0,0,NA
2015-04-01,0,0,0,0,0,0,0,0,0,0,NA
2015-04-02,0,0,0,0,0,0,0,0,0,0,NA
2015-04-03,0,0,0,0,0.01,0.01,0,0,0,0,NA
2015-04-04,0.14,0.04,0.14,0.05,0.16,0.05,0.17,0.08,0.17,0.07,NA
2015-04-05,0,0,0,0,0,0,0,0,0,0,NA
2015-04-06,0,0,0,0,0,0,0,0,0,0,NA
2015-04-07,0,0,0,0,0,0,0,0,0,0,NA
2015-04-08,0,0,0,0,0,0,0,0,0.15,0.08,NA
2015-04-09,0.44,0.16,0.28,0.19,0.5,0.18,0.28,0.21,0.32,0.08,NA
2015-04-10,0.43,0.07,0.37,0.08,0.38,0.09,0.41,0.09,0.38,0.09,NA
2015-04-11,0,0,0,0,0,0,0.01,0.01,0,0,NA
2015-04-12,0,0,0,0,0,0,0,0,0,0,NA
2015-04-13,0,0,0,0,0,0,0,0,0,0,NA
2015-04-14,0.01,0.01,0.02,0.02,0.03,0.02,0.02,0.02,0.04,0.03,NA
2015-04-15,0,0,0,0,0,0,0,0,0,0,NA
2015-04-16,0,0,0,0,0,0,0,0,0,0,NA
2015-04-17,0.11,0.07,0.13,0.09,0.11,0.09,0.12,0.09,0.11,0.08,NA
2015-04-18,0.01,0.01,0,0,0.01,0.01,0.01,0.01,0,0,NA
2015-04-19,0,0,0,0,0,0,0,0,0,0,NA
2015-04-20,1.55,0.5,1.23,0.38,2.37,0.59,1.76,0.36,2.2,0.61,NA
2015-04-21,2.16,0.45,1.85,0.4,1.55,0.35,1.63,0.41,1.49,0.35,NA
2015-04-22,0,0,0,0,0,0,0,0,0,0,NA
2015-04-23,0.1,0.04,0.11,0.04,0.14,0.02,0.12,0.03,0.09,0.03,NA
2015-04-24,0,0,0,0,0,0,0,0,0,0,NA
2015-04-25,0,0,0,0,0,0,0,0,0,0,NA
2015-04-26,0,0,0,0,0,0,0,0,0,0,NA
2015-04-27,0.09,0.05,0.06,0.03,0.13,0.07,0.05,0.02,0.08,0.05,NA
2015-04-28,0.01,0.01,0.01,0.01,0,0,0,0,0,0,NA
2015-04-29,0,0,0,0,0,0,0,0,0,0,NA
2015-04-30,0,0,0,0,0.01,0.01,0,0,0,0,NA
2015-05-01,0,0,0,0,0,0,0,0,0,0,NA
2015-05-02,0,0,0,0,0,0,0,0,0,0,NA
2015-05-03,0,0,0,0,0,0,0,0,0,0,NA
2015-05-04,0,0,0,0,0,0,0,0,0,0,NA
2015-05-05,0,0,0,0,0,0,0,0,0,0,NA
2015-05-06,0,0,0,0,0,0,0,0,0,0,NA
2015-05-07,0,0,0,0,0,0,0,0,0,0,NA
2015-05-08,0,0,0,0,0,0,0,0,0,0,NA
2015-05-09,0,0,0,0,0,0,0,0,0,0,NA
2015-05-10,0.48,0.44,0.66,0.61,0.67,0.63,0.58,0.5,0.7,0.66,NA
2015-05-11,0.01,0.01,0.01,0.01,0,0,0,0,0.01,0.01,NA
2015-05-12,0.06,0.05,0.19,0.18,0.15,0.14,0.1,0.09,0.03,0.03,NA
2015-05-13,0,0,0,0,0,0,0,0,0,0,NA
2015-05-14,0,0,0,0,0,0,0,0,0,0,NA
2015-05-15,0,0,0,0,0,0,0,0,0,0,NA
2015-05-16,0,0,0,0,0,0,0,0,0,0,NA
2015-05-17,0.02,0.02,0.01,0.01,0.02,0.02,0.02,0.02,0.03,0.03,NA
2015-05-18,0,0,0,0,0,0,0,0,0,0,NA
2015-05-19,0.11,0.07,0.16,0.04,0.19,0.11,0.23,0.07,0.18,0.1,NA
2015-05-20,0,0,0,0,0,0,0,0,0,0,NA
2015-05-21,0,0,0,0,0,0,0,0,0,0,NA
2015-05-22,0,0,0,0,0,0,0,0,0,0,NA
2015-05-23,0,0,0,0,0,0,0,0,0,0,NA
2015-05-24,0,0,0,0,0,0,0,0,0,0,NA
2015-05-25,0,0,0,0,0.01,0.01,0.01,0.01,0.01,0.01,NA
2015-05-26,0.07,0.02,0.07,0.02,0.04,0.02,0.03,0.01,0.03,0.01,NA
2015-05-27,0,0,0,0,0,0,0,0,0,0,NA
2015-05-28,1.08,0.64,0.9,0.75,0.5,0.46,0.64,0.64,0.37,0.37,NA
2015-05-29,0,0,0,0,0,0,0,0,0,0,NA
2015-05-30,0,0,0,0,0,0,0,0,0,0,NA
2015-05-31,1.02,0.31,1.01,0.25,1.04,0.28,0.87,0.2,0.95,0.27,NA
2015-06-01,1.09,0.18,0.99,0.14,1.24,0.14,1.06,0.13,1.2,0.15,NA
2015-06-02,0.73,0.11,0.73,0.13,0.7,0.16,0.59,0.11,0.65,0.13,NA
2015-06-03,0,0,0,0,0,0,0,0,0,0,NA
2015-06-04,0,0,0,0,0,0,0,0,0,0,NA
2015-06-05,0,0,0,0,0.07,0.07,0.01,0.01,0.03,0.03,NA
2015-06-06,0.13,0.06,0.13,0.09,0.06,0.06,0.13,0.11,0.03,0.03,NA
2015-06-07,0,0,0,0,0,0,0,0,0,0,NA
2015-06-08,0,0,0,0,0,0,0,0,0,0,NA
2015-06-09,0,0,0,0,0,0,0,0,0,0,NA
2015-06-10,0,0,0,0,0,0,0,0,0,0,NA
2015-06-11,0,0,0,0,0,0,0,0,0,0,NA
2015-06-12,0.14,0.13,0.15,0.03,0.23,0.13,0.2,0.08,0.18,0.12,NA
2015-06-13,0.04,0.02,0.08,0.07,0,0,0.01,0.01,0.01,0.01,NA
2015-06-14,0,0,0,0,0,0,0,0,0,0,NA
2015-06-15,0.14,0.05,0.14,0.06,0.15,0.05,0.14,0.05,0.14,0.05,NA
2015-06-16,0.16,0.05,0.17,0.06,0.16,0.05,0.19,0.07,0.11,0.06,NA
2015-06-17,0.01,0.01,0.01,0.01,0,0,0,0,0,0,NA
2015-06-18,0,0,0,0,0,0,0,0,0,0,NA
2015-06-19,0.15,0.09,0.15,0.09,0.11,0.08,0.12,0.05,0.11,0.08,NA
2015-06-20,0,0,0,0,0,0,0,0,0,0,NA
2015-06-21,1.58,0.44,1.55,0.46,1.48,0.35,1.6,0.34,1.4,0.31,NA
2015-06-22,0.2,0.11,0.17,0.16,0.18,0.17,0.21,0.2,0.12,0.12,NA
2015-06-23,0.71,0.46,0.67,0.43,0.71,0.43,0.69,0.56,0.83,0.55,NA
2015-06-24,0.01,0.01,0.01,0.01,0.01,0.01,0.01,0.01,0,0,NA
2015-06-25,0,0,0,0,0,0,0,0,0,0,NA
2015-06-26,0.03,0.02,0.03,0.01,0.02,0.01,0.02,0.01,0.01,0.01,NA
2015-06-27,0,0,0,0,0,0,0,0,0,0,NA
2015-06-28,1.79,0.28,1.38,0.26,1.69,0.26,1.36,0.29,1.58,0.28,NA
2015-06-29,0,0,0.01,0.01,0,0,0.01,0.01,0,0,NA
2015-06-30,0,0,0,0,0,0,0,0,0,0,NA
2015-07-01,0.27,0.09,0.23,0.07,0.29,0.08,0.29,0.1,0.26,0.1,NA
2015-07-02,0.01,0.01,0.01,0.01,0,0,0,0,0,0,NA
2015-07-03,0,0,0,0,0,0,0,0,0,0,NA
2015-07-04,0,0,0,0,0,0,0,0,0,0,NA
2015-07-05,0,0,0,0,0,0,0,0,0,0,NA
2015-07-06,0,0,0,0,0,0,0,0,0,0,NA
2015-07-07,0.1,0.07,0.06,0.05,0.08,0.03,0.03,0.03,0.04,0.02,NA
2015-07-08,0.01,0.01,0.01,0.01,0.01,0.01,0.01,0.01,0,0,NA
2015-07-09,0,0,0,0,0,0,0,0,0,0,NA
2015-07-10,0,0,0,0,0,0,0,0,0,0,NA
2015-07-11,0,0,0,0,0,0,0,0,0,0,NA
2015-07-12,0,0,0,0,0,0,0,0,0,0,NA
2015-07-13,0,0,0,0,0,0,0,0,0,0,NA
2015-07-14,0.01,0.01,0.17,0.16,0.02,0.02,0,0,0.01,0.01,NA
2015-07-15,0,0,0,0,0,0,0,0,0.01,0.01,NA
2015-07-16,0,0,0,0,0,0,0,0,0,0,NA
2015-07-17,0,0,0,0,0,0,0,0,0,0,NA
2015-07-18,0.05,0.01,0.07,0.02,0.05,0.02,0.07,0.03,0.1,0.04,NA
2015-07-19,0.37,0.14,0.34,0.16,0.52,0.23,0.73,0.37,0.62,0.29,NA
2015-07-20,0.18,0.18,0.29,0.29,0,0,0,0,0,0,NA
2015-07-21,0.01,0.01,0.02,0.01,0.01,0.01,0.01,0.01,0.01,0.01,NA
2015-07-22,0.01,0.01,0,0,0,0,0,0,0,0,NA
2015-07-23,0,0,0.01,0.01,0,0,0.08,0.05,0,0,NA
2015-07-24,0.04,0.02,0.13,0.1,0.04,0.03,0.06,0.04,0,0,NA
2015-07-25,0,0,0,0,0,0,0,0,0,0,NA
2015-07-26,0.12,0.05,0.09,0.03,0.06,0.02,0.09,0.04,0.11,0.07,NA
2015-07-27,0,0,0,0,0,0,0,0,0,0,NA
2015-07-28,0.01,0.01,0.01,0.01,0.02,0.01,0.02,0.01,0.02,0.01,NA
2015-07-29,0,0,0.01,0.01,0,0,0,0,0,0,NA
2015-07-30,0.05,0.03,0.08,0.05,0.08,0.05,0.09,0.07,0.08,0.07,NA
2015-07-31,0,0,0,0,0.01,0.01,0,0,0,0,NA
2015-08-01,0,0,0,0,0,0,0,0,0,0,NA
2015-08-02,0,0,0,0,0,0,0,0,0,0,NA
2015-08-03,0.06,0.05,0.04,0.04,0.04,0.02,0.1,0.08,0.15,0.13,NA
2015-08-04,0.64,0.54,0.88,0.7,0.98,0.62,0.25,0.17,0.05,0.03,NA
2015-08-05,0.01,0.01,0,0,0,0,0,0,0,0,NA
2015-08-06,0,0,0,0,0,0,0,0,0,0,NA
2015-08-07,0,0,0,0,0,0,0,0,0,0,NA
2015-08-08,0,0,0,0,0,0,0,0,0,0,NA
2015-08-09,0,0,0,0,0,0,0,0,0,0,NA
2015-08-10,0,0,0,0,0,0,0,0,0,0,NA
2015-08-11,1.23,0.57,1,0.46,1.19,0.46,1.26,0.58,1.12,0.4,NA
2015-08-12,0,0,0.02,0.01,0.02,0.01,0,0,0,0,NA
2015-08-13,0,0,0,0,0,0,0,0,0,0,NA
2015-08-14,0,0,0,0,0,0,0,0,0,0,NA
2015-08-15,0.39,0.24,0.21,0.21,1.63,1.15,0.12,0.12,0.17,0.17,NA
2015-08-16,0.01,0.01,0,0,0,0,0,0,0,0,NA
2015-08-17,0,0,0,0,0,0,0,0,0,0,NA
2015-08-18,0,0,0,0,0,0,0,0,0,0,NA
2015-08-19,0,0,0,0,0,0,0,0,0,0,NA
2015-08-20,0.03,0.03,0,0,0.02,0.02,0,0,0.01,0.01,NA
2015-08-21,0.64,0.25,0.53,0.16,0.74,0.27,0.62,0.19,0.59,0.19,NA
2015-08-22,0,0,0,0,0,0,0,0,0,0,NA
2015-08-23,0.37,0.21,0.33,0.23,0.36,0.19,0.31,0.22,0.35,0.25,NA
2015-08-24,0.01,0.01,0,0,0.01,0.01,0,0,0,0,NA
2015-08-25,0.06,0.01,0.05,0.01,0.05,0.01,0.03,0.01,0.05,0.01,NA
2015-08-26,0,0,0,0,0.01,0.01,0,0,0,0,NA
2015-08-27,0,0,0,0,0,0,0,0,0,0,NA
2015-08-28,0,0,0,0,0,0,0,0,0,0,NA
2015-08-29,0,0,0,0,0,0,0,0,0,0,NA
2015-08-30,0,0,0,0,0,0,0,0,0,0,NA
2015-08-31,0,0,0,0,0,0,0,0,0,0,NA
2015-09-01,0,0,0,0,0,0,0,0,0,0,NA
2015-09-02,0,0,0,0,0,0,0,0,0,0,NA
2015-09-03,0.02,0.01,0.24,0.23,0,0,0.19,0.18,0.02,0.02,NA
2015-09-04,0,0,0,0,0,0,0,0,0,0,NA
2015-09-05,0,0,0,0,0,0,0,0,0,0,NA
2015-09-06,0,0,0,0,0,0,0,0,0,0,NA
2015-09-07,0,0,0,0,0,0,0,0,0,0,NA
2015-09-08,0,0,0,0,0,0,0,0,0,0,NA
2015-09-09,0.45,0.39,0.14,0.13,0.85,0.77,0.09,0.06,0.03,0.03,NA
2015-09-10,0,0,0,0,0.02,0.01,0,0,0,0,NA
2015-09-11,0.6,0.44,0.64,0.41,0.65,0.46,0.47,0.27,0.52,0.33,NA
2015-09-12,0.01,0.01,0,0,0,0,0,0,0,0,NA
2015-09-13,0.52,0.19,0.46,0.2,0.59,0.19,0.61,0.32,0.55,0.17,NA
2015-09-14,0.1,0.06,0.1,0.06,0.03,0.02,0.02,0.01,0.03,0.03,NA
2015-09-15,0,0,0,0,0,0,0,0,0,0,NA
2015-09-16,0,0,0,0,0,0,0,0,0,0,NA
2015-09-17,0,0,0,0,0,0,0,0,0,0,NA
2015-09-18,0,0,0,0,0,0,0,0,0,0,NA
2015-09-19,0,0,0,0,0,0,0,0,0,0,NA
2015-09-20,0,0,0,0,0,0,0,0,0.01,0.01,NA
2015-09-21,0,0,0,0,0,0,0,0,0,0,NA
2015-09-22,0,0,0,0,0,0,0,0,0,0,NA
2015-09-23,0,0,0,0,0,0,0,0,0,0,NA
2015-09-24,0,0,0,0,0,0,0,0,0,0,NA
2015-09-25,0,0,0,0,0,0,0,0,0,0,NA
2015-09-26,0,0,0,0,0,0,0,0,0,0,NA
2015-09-27,0,0,0,0,0,0,0,0,0,0,NA
2015-09-28,0,0,0,0,0,0,0,0,0,0,NA
2015-09-29,0.16,0.07,0.25,0.18,0.48,0.17,0.3,0.2,0.34,0.26,NA
2015-09-30,5.57,2.05,5.51,2.34,6.35,1.79,4.99,2.07,5.56,2,NA
2015-10-01,0,0,0,0,0,0,0,0,0,0,NA
2015-10-02,0,0,0,0,0,0,0,0,0,0,NA
2015-10-03,0,0,0,0,0,0,0,0,0,0,NA
2015-10-04,0,0,0,0,0,0,0,0,0,0,NA
2015-10-05,0,0,0,0,0,0,0,0,0,0,NA
2015-10-06,0,0,0,0,0,0,0.15,0.15,0,0,NA
2015-10-07,0,0,0,0,0,0,0,0,0,0,NA
2015-10-08,0,0,0,0,0,0,0,0,0,0,NA
2015-10-09,0.46,0.2,0.42,0.16,0.52,0.22,0.43,0.16,0.43,0.2,NA
2015-10-10,0,0,0,0,0,0,0,0,0,0,NA
2015-10-11,0,0,0,0,0,0,0,0,0,0,NA
2015-10-12,0,0,0,0,0,0,0,0,0,0,NA
2015-10-13,0.05,0.02,0.04,0.03,0.03,0.02,0.03,0.02,0.04,0.03,NA
2015-10-14,0,0,0,0,0,0,0,0,0,0,NA
2015-10-15,0,0,0,0,0,0,0,0,0,0,NA
2015-10-16,0,0,0,0,0,0,0,0,0,0,NA
2015-10-17,0.01,0.01,0,0,0.08,0.08,0.01,0.01,0,0,NA
2015-10-18,0,0,0,0,0,0,0,0,0,0,NA
2015-10-19,0.01,0.01,0,0,0.05,0.04,0,0,0.04,0.04,NA
2015-10-20,0.26,0.1,0.24,0.09,0.29,0.12,0.23,0.09,0.18,0.08,NA
2015-10-21,0,0,0,0,0,0,0,0,0,0,NA
2015-10-22,0.01,0.01,0.02,0.02,0.02,0.01,0,0,0.02,0.01,NA
2015-10-23,0,0,0,0,0,0,0,0,0,0,NA
2015-10-24,0,0,0,0,0,0,0,0,0,0,NA
2015-10-25,0.08,0.05,0.08,0.05,0.09,0.06,0.07,0.04,0.07,0.05,NA
2015-10-26,0,0,0,0,0,0,0,0,0,0,NA
2015-10-27,0,0,0,0,0,0,0,0,0,0,NA
2015-10-28,1.1,0.4,0.91,0.29,1.26,0.44,1.03,0.33,0.97,0.33,NA
2015-10-29,0.74,0.27,0.48,0.18,0.73,0.25,0.6,0.27,0.61,0.23,NA
2015-10-30,0,0,0,0,0,0,0,0,0,0,NA
2015-10-31,0,0,0,0,0,0,0,0,0,0,NA
2015-11-01,0.03,0.02,0.03,0.01,0.03,0.02,0.02,0.01,0.03,0.02,NA
2015-11-02,0,0,0,0,0.01,0.01,0,0,0,0,NA
2015-11-03,0,0,0,0,0,0,0,0,0,0,NA
2015-11-04,0,0,0,0,0,0,0,0,0,0,NA
2015-11-05,0,0,0,0,0,0,0,0,0,0,NA
2015-11-06,0,0,0,0,0,0,0,0,0,0,NA
2015-11-07,0,0,0,0,0,0,0,0,0,0,NA
2015-11-08,0,0,0,0,0,0,0,0,0,0,NA
2015-11-09,0,0,0,0,0,0,0,0,0,0,NA
2015-11-10,0,0,0,0,0,0,0,0,0,0,NA
2015-11-11,0.07,0.05,0.05,0.02,0.07,0.04,0.03,0.01,0.05,0.03,NA
2015-11-12,0.27,0.11,0.18,0.08,0.43,0.21,0.22,0.08,0.23,0.08,NA
2015-11-13,0.04,0.03,0.04,0.03,0.11,0.11,0.04,0.03,0.03,0.03,NA
2015-11-14,0,0,0,0,0,0,0,0,0,0,NA
2015-11-15,0,0,0,0,0,0,0,0,0,0,NA
2015-11-16,0,0,0,0,0,0,0,0,0,0,NA
2015-11-17,0,0,0,0,0,0,0,0,0,0,NA
2015-11-18,0,0,0,0,0,0,0,0,0,0,NA
2015-11-19,0,0,0,0,0,0,0,0,0,0,NA
2015-11-20,1.6,0.36,1.24,0.3,1.74,0.29,1.6,0.39,1.47,0.39,NA
2015-11-21,0,0,0,0,0.01,0.01,0,0,0,0,NA
2015-11-22,0.18,0.07,0.16,0.05,0.33,0.1,0.12,0.03,0.15,0.06,NA
2015-11-23,0.18,0.12,0.19,0.11,0.24,0.19,0.15,0.08,0.13,0.08,NA
2015-11-24,0,0,0,0,0,0,0,0,0,0,NA
2015-11-25,0,0,0,0,0,0,0,0,0,0,NA
2015-11-26,0,0,0,0,0,0,0,0,0,0,NA
2015-11-27,0,0,0,0,0,0,0,0,0,0,NA
2015-11-28,0.19,0.06,0.23,0.08,0.18,0.05,0.2,0.07,0.21,0.07,NA
2015-11-29,0,0,0,0,0.01,0.01,0,0,0,0,NA
2015-11-30,0,0,0,0,0,0,0,0,0,0,NA
2015-12-01,0.11,0.05,0.09,0.03,0.14,0.06,0.07,0.03,0.08,0.03,NA
2015-12-02,0.26,0.07,0.27,0.08,0.59,0.16,0.25,0.07,0.24,0.07,NA
2015-12-03,0.24,0.04,0.25,0.06,0.56,0.15,0.22,0.04,0.2,0.04,NA
2015-12-04,0,0,0,0,0,0,0,0,0,0,NA
2015-12-05,0.01,0.01,0.01,0.01,0,0,0,0,0,0,NA
2015-12-06,0.01,0.01,0,0,0.01,0.01,0.01,0.01,0,0,NA
2015-12-07,0,0,0.01,0.01,0,0,0,0,0,0,NA
2015-12-08,0,0,0,0,0,0,0,0,0,0,NA
2015-12-09,0,0,0,0,0,0,0,0,0,0,NA
2015-12-10,0.01,0.01,0.01,0.01,0.01,0.01,0.01,0.01,0.01,0.01,NA
2015-12-11,0.01,0.01,0.01,0.01,0,0,0.01,0.01,0,0,NA
2015-12-12,0.01,0.01,0,0,0.04,0.04,0,0,0,0,NA
2015-12-13,0,0,0,0,0,0,0,0,0,0,NA
2015-12-14,0.27,0.08,0.19,0.07,0.29,0.07,0.2,0.08,0.23,0.06,NA
2015-12-15,0.44,0.24,0.43,0.18,0.59,0.23,0.34,0.12,0.38,0.16,NA
2015-12-16,0,0,0,0,0,0,0,0,0,0,NA
2015-12-17,0.53,0.11,0.43,0.1,0.82,0.17,0.51,0.11,0.54,0.1,NA
2015-12-18,0.13,0.03,0.14,0.04,0.1,0.02,0.12,0.04,0.11,0.02,NA
2015-12-19,0,0,0,0,0,0,0,0,0,0,NA
2015-12-20,0,0,0,0,0,0,0,0,0,0,NA
2015-12-21,0,0,0,0,0.01,0.01,0,0,0,0,NA
2015-12-22,0.86,0.18,0.82,0.18,1.43,0.22,0.86,0.21,0.81,0.15,NA
2015-12-23,0.3,0.12,0.23,0.09,0.56,0.19,0.23,0.1,0.28,0.11,NA
2015-12-24,0.63,0.24,0.53,0.19,0.92,0.33,0.57,0.2,0.66,0.24,NA
2015-12-25,0.01,0.01,0,0,0.01,0.01,0,0,0,0,NA
2015-12-26,0,0,0,0,0,0,0,0,0,0,NA
2015-12-27,0.49,0.12,0.45,0.11,0.75,0.19,0.47,0.12,0.46,0.1,NA
2015-12-28,0,0,0,0,0,0,0,0,0,0,NA
2015-12-29,0,0,0,0,0,0,0,0,1.12,0.21,NA
2015-12-30,0,0,0,0,0,0,0,0,0.07,0.04,NA
2015-12-31,0.43,0.09,0.52,0.12,0.67,0.19,0.67,0.19,0.15,0.05,NA
2016-01-01,0.22,0.05,0.14,0.06,0.23,0.06,0.03,0.02,0.01,0.01,NA
2016-01-02,0.03,0.02,0,0,0.06,0.03,0,0,0,0,NA
2016-01-03,0.12,0.03,0,0,0,0,0,0,0,0,NA
2016-01-04,0,0,0,0,0,0,0,0,0,0,NA
2016-01-05,0,0,0,0,0,0,0,0,0,0,NA
2016-01-06,0,0,0,0,0,0,0,0,0,0,NA
2016-01-07,0.03,0.01,0,0,0,0,0,0,0,0,NA
2016-01-08,0,0,0,0,0,0,0,0,0,0,NA
2016-01-09,0.07,0.02,0.07,0.02,0.08,0.04,0.07,0.01,0.07,0.01,NA
2016-01-10,2.23,0.48,1.9,0.46,2.85,0.54,2.09,0.44,2.04,0.41,NA
2016-01-11,0,0,0.01,0.01,0,0,0.01,0.01,0,0,NA
2016-01-12,0.05,0.02,0.21,0.19,0,0,0.21,0.16,0.57,0.12,NA
2016-01-13,0,0,0,0,0.05,0.02,0,0,0.01,0.01,NA
2016-01-14,0.01,0.01,0.02,0.01,0.02,0.02,0,0,0,0,NA
2016-01-15,0,0,0,0,0,0,0,0,0,0,NA
2016-01-16,0,0,0,0,0,0,0,0,0.55,0.17,NA
2016-01-17,0,0,0.01,0.01,0.01,0.01,0,0,0,0,NA
2016-01-18,0,0,0,0,0,0,0,0,0.11,0.03,NA
2016-01-19,0,0,0,0,0,0,0,0,0,0,NA
2016-01-20,0,0,0,0,0,0,0,0,0,0,NA
2016-01-21,0,0,0,0,0,0,0,0,0,0,NA
2016-01-22,0,0,0.01,0.01,0,0,0,0,0,0,NA
2016-01-23,0,0,0,0,0,0,0.01,0.01,0,0,NA
2016-01-24,0,0,0,0,0,0,0.02,0.01,0,0,NA
2016-01-25,0.05,0.04,0.05,0.03,0.1,0.04,0,0,0,0,NA
2016-01-26,0.19,0.1,0.03,0.02,0.11,0.08,0,0,0,0,NA
2016-01-27,0,0,0,0,0,0,0,0,0,0,NA
2016-01-28,0,0,0,0,0,0,0,0,0,0,NA
2016-01-29,0,0,0,0,0,0,0,0,0,0,NA
2016-01-30,0,0,0,0,0,0,0,0,0.01,0.01,NA
2016-01-31,0,0,0,0,0,0,0,0,0,0,NA
2016-02-01,0,0,0,0,0,0,0,0,0,0,NA
2016-02-02,0,0,0,0,0,0,0,0,0,0,NA
2016-02-03,0.84,0.22,0.65,0.18,1.47,0.35,0.81,0.19,0.79,0.2,NA
2016-02-04,0,0,0.01,0.01,0,0,0,0,0,0,NA
2016-02-05,0,0,0,0,0,0,0.02,0.01,0.53,0.13,NA
2016-02-06,0.07,0.04,0.09,0.03,0.56,0.17,0.05,0.02,0,0,NA
2016-02-07,0.19,0.09,0.33,0.12,0.01,0.01,0.07,0.04,0,0,NA
2016-02-08,0,0,0,0,0,0,0,0,0.24,0.03,NA
2016-02-09,0.03,0.01,0.1,0.03,0.03,0.02,0.01,0.01,0.06,0.02,NA
2016-02-10,0.23,0.08,0.18,0.09,0.15,0.11,0.05,0.03,0,0,NA
2016-02-11,0.02,0.01,0.01,0.01,0.03,0.02,0,0,0.11,0,NA
2016-02-12,0,0,0,0,0,0,0,0,0,0,NA
2016-02-13,0,0,0.01,0.01,0,0,0,0,0,0,NA
2016-02-14,0,0,0,0,0,0,0,0,0,0,NA
2016-02-15,0,0,0,0,0,0,0,0,0.14,0.08,NA
2016-02-16,0.88,0.34,0.66,0.31,0.91,0.43,0.83,0.33,0.83,0.19,NA
2016-02-17,0,0,0,0,0,0,0,0,0,0,NA
2016-02-18,0,0,0,0,0,0,0,0,0,0,NA
2016-02-19,0,0,0,0,0,0,0,0,0,0,NA
2016-02-20,0.14,0.05,0.12,0.04,0.24,0.04,0.13,0.05,0.14,0.05,NA
2016-02-21,0,0,0,0,0,0,0,0,0,0,NA
2016-02-22,0,0,0,0,0,0,0,0,0,0,NA
2016-02-23,0,0,0,0,0,0,0,0,0,0,NA
2016-02-24,0.85,0.25,0.8,0.3,1.01,0.23,0.78,0.25,0.84,0.26,NA
2016-02-25,1.22,1.04,0.43,0.22,0.55,0.11,0.48,0.25,0.49,0.19,NA
2016-02-26,0,0,0,0,0,0,0,0,0,0,NA
2016-02-27,0,0,0,0,0,0,0,0,0,0,NA
2016-02-28,0,0,0,0,0,0,0,0,0,0,NA
2016-02-29,0,0,0,0,0,0,0,0,0,0,NA
2016-03-01,0,0,0,0,0,0,0,0,0,0,NA
2016-03-02,0.85,0.22,0.8,0.22,1.24,0.28,0.93,0.24,0.92,0.22,NA
2016-03-03,0,0,0,0,0,0,0,0,0,0,NA
2016-03-04,0,0,0,0,0,0,0,0,0,0,NA
2016-03-05,0,0,0,0,0,0,0,0,0,0,NA
2016-03-06,0,0,0,0,0,0,0,0,0,0,NA
2016-03-07,0.08,0.04,0.08,0.05,0.13,0.11,0.07,0.03,0.06,0.04,NA
2016-03-08,0.01,0.01,0.01,0.01,0,0,0.01,0.01,0,0,NA
2016-03-09,0,0,0,0,0,0,0,0,0,0,NA
2016-03-10,0.83,0.17,0.78,0.15,1.27,0.17,0.89,0.23,0.71,0.16,NA
2016-03-11,0.16,0.08,0.15,0.07,0.38,0.13,0.15,0.03,0.13,0.06,NA
2016-03-12,0,0,0,0,0,0,0,0,0,0,NA
2016-03-13,0,0,0,0,0,0,0,0,0,0,NA
2016-03-14,0.02,0.01,0.02,0.01,0.02,0.01,0.01,0.01,0.03,0.02,NA
2016-03-15,0.98,0.13,0.65,0.08,1.24,0.16,0.75,0.11,0.82,0.11,NA
2016-03-16,0.11,0.08,0.11,0.08,0.11,0.07,0.07,0.06,0.08,0.06,NA
2016-03-17,0.18,0.12,0.17,0.14,0.35,0.3,0.19,0.13,0.16,0.13,NA
2016-03-18,0,0,0,0,0.01,0.01,0,0,0.01,0,NA
2016-03-19,0,0,0,0,0,0,0,0,0,0,NA
2016-03-20,0,0,0,0,0,0,0,0,0,0,NA
2016-03-21,0.22,0.12,0.25,0.16,0.29,0.17,0.17,0.12,0.31,0.08,NA
2016-03-22,0.01,0.01,0,0,0,0,0,0,0,0,NA
2016-03-23,0,0,0,0,0,0,0,0,0,0,NA
2016-03-24,0.01,0.01,0.03,0.03,0.01,0.01,0,0,0.06,0.04,NA
2016-03-25,0.02,0.01,0.28,0.1,0.09,0.08,0.2,0.06,0.16,0.05,NA
2016-03-26,0,0,0,0,0,0,0,0,0,0,NA
2016-03-27,0,0,0,0,0,0,0,0,0,0,NA
2016-03-28,0.93,0.18,0.84,0.16,1.76,0.33,0.83,0.17,0.92,0.16,NA
2016-03-29,0.05,0.03,0.06,0.03,0.05,0.05,0.06,0.04,0,0,NA
2016-03-30,0,0,0,0,0,0,0,0,0,0,NA
2016-03-31,0,0,0,0,0,0,0,0,0,0,NA
2016-04-01,0.16,0.13,0.21,0.1,0.22,0.19,0.05,0.03,0.07,0.04,NA
2016-04-02,0.06,0.02,0.06,0.01,0.07,0.02,0.06,0.03,0.05,0.01,NA
2016-04-03,0,0,0,0,0.01,0.01,0,0,0.02,0.01,NA
2016-04-04,0,0,0.01,0.01,0,0,0,0,0.06,0.02,NA
2016-04-05,0.04,0.02,0.01,0.01,0.02,0.01,0.01,0.01,0,0,NA
2016-04-06,0.02,0.02,0.03,0.02,0.03,0.03,0.02,0.02,0.02,0.02,NA
2016-04-07,0.51,0.1,0.31,0.08,0.56,0.14,0.44,0.11,0.48,0.08,NA
2016-04-08,0,0,0,0,0,0,0,0,0,0,NA
2016-04-09,0,0,0,0,0,0,0,0,0,0,NA
2016-04-10,0,0,0,0,0,0,0,0,0,0,NA
2016-04-11,0.01,0.01,0.01,0.01,0.03,0.01,0.01,0.01,0.01,0.01,NA
2016-04-12,0.27,0.06,0.25,0.06,0.29,0.06,0.26,0.06,0.25,0.07,NA
2016-04-13,0,0,0,0,0,0,0,0,0,0,NA
2016-04-14,0,0,0,0,0,0,0,0,0,0,NA
2016-04-15,0,0,0,0,0,0,0,0,0,0,NA
2016-04-16,0,0,0,0,0,0,0,0,0,0,NA
2016-04-17,0,0,0,0,0,0,0,0,0,0,NA
2016-04-18,0.02,0.02,0.01,0.01,0.07,0.04,0.01,0.01,0.03,0.02,NA
2016-04-19,0.34,0.08,0.29,0.08,0.43,0.17,0.29,0.08,0.16,0.04,NA
2016-04-20,0,0,0,0,0,0,0,0,0,0,NA
2016-04-21,0,0,0,0,0,0,0,0,0,0,NA
2016-04-22,0,0,0,0,0,0,0,0,0,0,NA
2016-04-23,0,0,0.01,0,0,0,0,0,0.01,0.01,NA
2016-04-24,0,0,0,0,0,0,0,0,0,0,NA
2016-04-25,0,0,0,0,0,0,0,0,0,0,NA
2016-04-26,0.29,0.08,0.39,0.15,0.53,0.22,0.35,0.14,0.4,0.12,NA
2016-04-27,0.22,0.12,0.01,0.01,0.01,0.01,0.01,0.01,0,0,NA
2016-04-28,0,0,0,0,0,0,0,0,0,0,NA
2016-04-29,0,0,0,0,0,0,0,0,0,0,NA
2016-04-30,0,0,0,0,0,0,0,0,0,0,NA
2016-05-01,0,0,0,0,0.03,0.02,0,0,0.02,0.02,NA
2016-05-02,0.95,0.29,0.85,0.29,0.92,0.27,0.83,0.26,0.94,0.35,NA
2016-05-03,0,0,0,0,0,0,0,0,0,0,NA
2016-05-04,0.31,0.08,0.22,0.06,0.43,0.14,0.22,0.06,0.28,0.06,NA
2016-05-05,0.22,0.07,0.17,0.05,0.28,0.06,0.17,0.05,0.24,0.07,NA
2016-05-06,0.1,0.04,0.08,0.04,0.06,0.04,0.08,0.03,0.04,0.03,NA
2016-05-07,0,0,0,0,0,0,0,0,0,0,NA
2016-05-08,0.04,0.02,0.03,0.01,0.05,0.02,0.02,0.01,0.03,0.01,NA
2016-05-09,0,0,0,0,0,0,0,0,0,0,NA
2016-05-10,0,0,0,0,0,0,0,0,0,0,NA
2016-05-11,0,0,0,0,0,0,0,0,0,0,NA
2016-05-12,0,0,0,0,0,0,0,0,0,0,NA
2016-05-13,0.13,0.06,0.14,0.06,0.16,0.07,0.13,0.04,0.19,0.09,NA
2016-05-14,0.05,0.03,0.05,0.03,0.01,0.01,0.06,0.03,0.01,0.01,NA
2016-05-15,0.02,0.02,0.02,0.02,0.02,0.02,0.01,0.01,0.01,0.01,NA
2016-05-16,0,0,0,0,0,0,0,0,0,0,NA
2016-05-17,0,0,0,0,0,0,0,0,0,0,NA
2016-05-18,0,0,0,0,0,0,0,0,0,0,NA
2016-05-19,0,0,0,0,0,0,0,0,0,0,NA
2016-05-20,0,0,0,0,0,0,0,0,0,0,NA
2016-05-21,0,0,0,0,0,0,0,0,0,0,NA
2016-05-22,0,0,0,0,0,0,0,0,0,0,NA
2016-05-23,0.01,0.01,0,0,0,0,0,0,0,0,NA
2016-05-24,0.04,0.02,0.04,0.01,0.04,0.03,0.01,0.01,0.07,0.03,NA
2016-05-25,0.13,0.08,0.05,0.04,0.08,0.07,0.06,0.04,0.01,0.01,NA
2016-05-26,0.01,0.01,0.01,0.01,0,0,0.01,0.01,0,0,NA
2016-05-27,0.05,0.04,0.04,0.03,0.04,0.04,0.1,0.09,0.11,0.11,NA
2016-05-28,0,0,0,0,0,0,0,0,0,0,NA
2016-05-29,0.03,0.01,0.02,0.01,0.01,0.01,0,0,0,0,NA
2016-05-30,0.08,0.04,0.11,0.06,0.08,0.04,0.09,0.05,0.09,0.07,NA
2016-05-31,0,0,0,0,0,0,0,0,0,0,NA
2016-06-01,0,0,0,0,0,0,0,0,0,0,NA
2016-06-02,0.01,0.01,0.01,0.01,0.01,0.01,0.01,0.01,0,0,NA
2016-06-03,0.01,0.01,0,0,0.17,0.16,0,0,0,0,NA
2016-06-04,0.12,0.08,0.03,0.02,0.04,0.03,0.02,0.01,0.02,0.02,NA
2016-06-05,2.2,0.82,2.14,0.86,2.51,1.06,2.36,0.98,2.43,1.03,NA
2016-06-06,0.01,0.01,0.01,0.01,0,0,0,0,0.01,0.01,NA
2016-06-07,0.2,0.03,0.17,0.06,0.17,0.07,0.13,0.03,0.18,0.12,NA
2016-06-08,0.01,0.01,0.01,0.01,0.01,0.01,0.03,0.02,0.01,0.01,NA
2016-06-09,0,0,0,0,0,0,0,0,0,0,NA
2016-06-10,0,0,0,0,0,0,0,0,0,0,NA
2016-06-11,0.03,0.02,0.03,0.02,0.03,0.01,0.03,0.02,0.02,0.01,NA
2016-06-12,0,0,0.01,0.01,0,0,0,0,0,0,NA
2016-06-13,0,0,0,0,0,0,0,0,0.01,0.01,NA
2016-06-14,0.01,0.01,0.01,0.01,0.01,0.01,0.01,0.01,0,0,NA
2016-06-15,0,0,0,0,0,0,0,0,0,0,NA
2016-06-16,0,0,0,0,0,0,0,0,0,0,NA
2016-06-17,0,0,0,0,0,0,0,0,0,0,NA
2016-06-18,0,0,0,0,0,0,0,0,0,0,NA
2016-06-19,0,0,0,0,0,0,0,0,0,0,NA
2016-06-20,0,0,0,0,0,0,0,0,0,0,NA
2016-06-21,0,0,0,0,0,0,0,0,0,0,NA
2016-06-22,0.13,0.09,0.1,0.05,0.14,0.12,0.09,0.05,0.09,0.07,NA
2016-06-23,0,0,0,0,0,0,0,0,0,0,NA
2016-06-24,0,0,0,0,0,0,0,0,0,0,NA
2016-06-25,0,0,0,0,0,0,0,0,0,0,NA
2016-06-26,0,0,0,0,0,0,0,0,0,0,NA
2016-06-27,0,0,0,0,0,0,0,0,0.01,0.01,NA
2016-06-28,0.09,0.06,0.07,0.07,0.67,0.08,0.16,0.08,0.73,0.58,NA
2016-06-29,1.73,0.57,1.53,0.55,1.76,0.61,1.37,0.67,0.91,0.45,NA
2016-06-30,0.01,0.01,0.01,0.01,0.01,0.01,0,0,0,0,NA
2016-07-01,0,0,0,0,0.09,0.07,0,0,0.07,0.06,NA
2016-07-02,0.1,0.08,0.11,0.09,0.01,0.01,0.13,0.1,0,0,NA
2016-07-03,0,0,0,0,0,0,0,0,0,0,NA
2016-07-04,0,0,0,0,0,0,0,0,0,0,NA
2016-07-05,0,0,0.02,0.02,0,0,0,0,0,0,NA
2016-07-06,0,0,0,0,0,0,0,0,0,0,NA
2016-07-07,0.01,0.01,0,0,0.05,0.05,0,0,0.01,0.01,NA
2016-07-08,0,0,0,0,0,0,0,0,0,0,NA
2016-07-09,0.26,0.1,0.22,0.07,0.21,0.07,0.24,0.07,0.36,0.09,NA
2016-07-10,0.18,0.06,0.27,0.11,0.14,0.04,0.24,0.11,0.22,0.09,NA
2016-07-11,0,0,0,0,0,0,0,0,0,0,NA
2016-07-12,0,0,0,0,0,0,0,0,0,0,NA
2016-07-13,0,0,0,0,0,0,0,0,0,0,NA
2016-07-14,0.29,0.29,0.56,0.56,0.61,0.59,0.5,0.5,0.43,0.43,NA
2016-07-15,0.01,0.01,0.01,0.01,0.01,0.01,0.01,0.01,0,0,NA
2016-07-16,0,0,0,0,0,0,0,0,0,0,NA
2016-07-17,0.37,0.19,0.3,0.13,0.41,0.32,0.3,0.16,0.19,0.1,NA
2016-07-18,0,0,0,0,0,0,0,0,0,0,NA
2016-07-19,0,0,0,0,0,0,0,0,0,0,NA
2016-07-20,0,0,0,0,0,0,0,0,0,0,NA
2016-07-21,0,0,0,0,0,0,0,0,0,0,NA
2016-07-22,0.59,0.33,0.13,0.13,0.8,0.68,0.01,0.01,0,0,NA
2016-07-23,0.68,0.68,0.48,0.48,0.66,0.6,0.28,0.28,0.01,0.01,NA
2016-07-24,0,0,0,0,0,0,0,0,0,0,NA
2016-07-25,0.03,0.01,0.21,0.2,0.01,0.01,0.31,0.29,0.37,0.34,NA
2016-07-26,0.01,0.01,0,0,0,0,0.01,0.01,0,0,NA
2016-07-27,0,0,0,0,0,0,0,0,0,0,NA
2016-07-28,0,0,0,0,0,0,0,0,0,0,NA
2016-07-29,0,0,0,0,0,0,0,0,0,0,NA
2016-07-30,0,0,0,0,0,0,0,0,0,0,NA
2016-07-31,0.08,0.04,0.08,0.04,0.03,0.02,0.08,0.05,0.04,0.03,NA
2016-08-01,0.08,0.08,0.06,0.05,0.07,0.07,0.06,0.06,0.06,0.05,NA
2016-08-02,0,0,0,0,0,0,0,0,0,0,NA
2016-08-03,0.01,0.01,0,0,0,0,0,0,0,0,NA
2016-08-04,0,0,0,0,0,0,0,0,0,0,NA
2016-08-05,0,0,0,0,0,0,0,0,0,0,NA
2016-08-06,0,0,0,0,0,0,0,0,0,0,NA
2016-08-07,0,0,0,0,0,0,0,0,0,0,NA
2016-08-08,0,0,0,0,0,0,0,0,0,0,NA
2016-08-09,0,0,0,0,0,0,0,0,0,0,NA
2016-08-10,0.09,0.04,0.08,0.04,0.1,0.06,0.08,0.04,0.1,0.04,NA
2016-08-11,0,0,0,0,0,0,0.01,0.01,0,0,NA
2016-08-12,0.22,0.09,0.59,0.21,0.31,0.22,0.48,0.21,0.34,0.13,NA
2016-08-13,0.19,0.05,0.18,0.03,0.24,0.09,0.19,0.07,0.2,0.09,NA
2016-08-14,0.02,0.01,0.01,0.01,0.03,0.03,0.03,0.02,0,0,NA
2016-08-15,0,0,0,0,0,0,0,0,0,0,NA
2016-08-16,0.47,0.28,0.44,0.28,0.63,0.34,0.4,0.28,0.45,0.34,NA
2016-08-17,0,0,0,0,0,0,0,0,0,0,NA
2016-08-18,0,0,0,0,0,0,0,0,0,0,NA
2016-08-19,0,0,0,0,0,0,0,0,0,0,NA
2016-08-20,0,0,0,0,0,0,0,0,0,0,NA
2016-08-21,0,0,0,0,0.01,0.01,0,0,0.01,0.01,NA
2016-08-22,0.9,0.31,0.74,0.31,1.02,0.4,0.79,0.27,0.69,0.28,NA
2016-08-23,0,0,0,0,0,0,0,0,0,0,NA
2016-08-24,0,0,0,0,0,0,0,0,0,0,NA
2016-08-25,0,0,0,0,0,0,0,0,0,0,NA
2016-08-26,0.01,0.01,0.03,0.02,0.01,0.01,0.03,0.02,0.05,0.04,NA
2016-08-27,0,0,0,0,0,0,0,0,0,0,NA
2016-08-28,0,0,0,0,0,0,0,0,0,0,NA
2016-08-29,0,0,0,0,0,0,0,0,0,0,NA
2016-08-30,0,0,0,0,0,0,0,0,0,0,NA
2016-08-31,0,0,0,0,0,0,0,0,0,0,NA
2016-09-01,0,0,0,0,0,0,0,0,0,0,NA
2016-09-02,0,0,0,0,0,0,0,0,0,0,NA
2016-09-03,0,0,0,0,0,0,0,0,0,0,NA
2016-09-04,0,0,0,0,0,0,0,0,0,0,NA
2016-09-05,0,0,0,0,0,0,0,0,0,0,NA
2016-09-06,0,0,0,0,0.01,0.01,0,0,0.02,0.01,NA
2016-09-07,0.01,0.01,0.02,0.02,0.02,0.01,0.01,0.01,0.05,0.04,NA
2016-09-08,0.01,0.01,0,0,0,0,0.01,0.01,0,0,NA
2016-09-09,0,0,0,0,0,0,0,0,0,0,NA
2016-09-10,0,0,0,0,0,0,0,0,0,0,NA
2016-09-11,0.22,0.22,0.19,0.19,0.47,0.42,0.19,0.19,0.16,0.1,NA
2016-09-12,0,0,0,0,0,0,0,0,0,0,NA
2016-09-13,0,0,0,0,0,0,0,0,0,0,NA
2016-09-14,0.02,0.02,0.05,0.04,0,0,0.01,0.01,0,0,NA
2016-09-15,0,0,0,0,0,0,0,0,0,0,NA
2016-09-16,0,0,0,0,0,0,0,0,0,0,NA
2016-09-17,0,0,0,0,0,0,0,0,0,0,NA
2016-09-18,0.02,0.01,0.03,0.02,0.04,0.03,0.08,0.05,0.11,0.05,NA
2016-09-19,0.26,0.15,0.28,0.13,0.3,0.14,0.29,0.15,0.23,0.11,NA
2016-09-20,0,0,0.01,0.01,0,0,0.01,0.01,0,0,NA
2016-09-21,0.01,0.01,0,0,0,0,0,0,0,0,NA
2016-09-22,0,0,0,0,0,0,0,0,0,0,NA
2016-09-23,0.05,0.03,0.05,0.03,0.05,0.02,0.04,0.03,0.05,0.03,NA
2016-09-24,0,0,0,0,0,0,0,0,0,0,NA
2016-09-25,0,0,0,0,0,0,0,0,0,0,NA
2016-09-26,0,0,0,0,0,0,0,0,0,0,NA
2016-09-27,0.29,0.14,0.25,0.13,0.34,0.18,0.24,0.11,0.24,0.12,NA
2016-09-28,0,0,0,0,0,0,0,0,0,0,NA
2016-09-29,0,0,0,0,0,0,0,0,0,0,NA
2016-09-30,0,0,0,0,0,0,0,0,0,0,NA
2016-10-01,0.25,0.11,0.29,0.08,0.22,0.09,0.36,0.09,0.33,0.08,NA
2016-10-02,0.08,0.04,0.06,0.03,0.05,0.03,0.08,0.05,0.02,0.02,NA
2016-10-03,0.01,0.01,0.01,0.01,0.01,0.01,0.01,0.01,0,0,NA
2016-10-04,0,0,0,0,0,0,0,0,0,0,NOTE--New rain gauges installed at Franklin Street and Allen Avenue on October 4
2016-10-05,0,0,0,0,0,0,0,0,0,0,NA
2016-10-06,0,0,0,0,0,0,0,0,0,0,NA
2016-10-07,0,0,0,0,0,0,0,0,0,0,NA
2016-10-08,0,0,0.01,0.01,0.01,0.01,0,0,0,0,NA
2016-10-09,0.77,0.08,0.73,0.08,0.86,0.12,0.83,0.09,0.81,0.08,NA
2016-10-10,0,0,0,0,0,0,0,0,0,0,NA
2016-10-11,0,0,0,0,0,0,0,0,0,0,NA
2016-10-12,0,0,0,0,0,0,0,0,0,0,NA
2016-10-13,0.3,0.29,0.02,0.01,0.01,0.01,0.5,0.49,0.02,0.01,NA
2016-10-14,0,0,0,0,0,0,0.01,0.01,0,0,NA
2016-10-15,0,0,0,0,0,0,0,0,0,0,NA
2016-10-16,0,0,0,0,0.08,0.05,0,0,0.01,0.01,NA
2016-10-17,0.05,0.05,0.06,0.05,0.01,0.01,0.03,0.03,0,0,NA
2016-10-18,0.01,0.01,0.02,0.01,0.01,0.01,0.01,0.01,0,0,NA
2016-10-19,0.02,0.01,0.01,0.01,0.01,0.01,0.02,0.01,0.01,0.01,NA
2016-10-20,0,0,0,0,0,0,0,0,0,0,NA
2016-10-21,2.84,1.06,2.26,0.82,3.61,1.37,2.6,0.92,3.81,1.33,NA
2016-10-22,1.42,0.79,1.52,0.84,0.48,0.11,1.74,1.04,0.46,0.15,NA
2016-10-23,0,0,0,0,0,0,0,0,0,0,NA
2016-10-24,0,0,0,0,0,0,0,0,0,0,NA
2016-10-25,0,0,0,0,0,0,0,0,0,0,NA
2016-10-26,0,0,0,0,0,0,0,0,0,0,NA
2016-10-27,0.34,0.12,0.27,0.12,0.54,0.21,0.28,0.15,0.36,0.12,NA
2016-10-28,2.27,0.32,1.6,0.23,2.22,0.33,2.12,0.32,2.24,0.38,NA
2016-10-29,0.23,0.06,0.24,0.07,0.27,0.08,0.27,0.12,0.24,0.07,NA
2016-10-30,0.06,0.02,0.07,0.02,0.11,0.05,0.05,0.03,0.05,0.03,NA
2016-10-31,0,0,0,0,0,0,0,0,0,0,NA
2016-11-01,0,0,0,0,0,0,0,0,0,0,NA
2016-11-02,0,0,0,0,0,0,0,0,0,0,NA
2016-11-03,0.81,0.19,0.73,0.2,0.91,0.25,0.82,0.19,0.8,0.17,NA
2016-11-04,0,0,0,0,0,0,0,0,0,0,NA
2016-11-05,0,0,0,0,0,0,0,0,0,0,NA
2016-11-06,0,0,0.01,0.01,0,0,0,0,0,0,NA
2016-11-07,0,0,0,0,0,0,0,0,0,0,NA
2016-11-08,0,0,0,0,0,0,0,0,0,0,NA
2016-11-09,0,0,0,0,0,0,0,0,0,0,NA
2016-11-10,0,0,0,0,0,0,0,0,0,0,NA
2016-11-11,0,0,0,0,0,0,0,0,0,0,NA
2016-11-12,0,0,0,0,0,0,0,0,0,0,NA
2016-11-13,0,0,0,0,0,0,0,0,0,0,NA
2016-11-14,0,0,0,0,0,0,0,0,0,0,NA
2016-11-15,1.04,0.37,0.78,0.27,1.11,0.39,1.02,0.37,1.1,0.39,NA
2016-11-16,0.18,0.06,0.11,0.05,0.2,0.06,0.1,0.06,0.18,0.07,NA
2016-11-17,0,0,0,0,0,0,0,0,0,0,NA
2016-11-18,0,0,0,0,0,0,0,0,0,0,NA
2016-11-19,0,0,0.01,0.01,0.01,0.01,0,0,0.01,0.01,NA
2016-11-20,0.39,0.15,0.31,0.15,0.42,0.17,0.33,0.15,0.34,0.13,NA
2016-11-21,0.1,0.05,0.07,0.03,0.09,0.06,0.05,0.05,0.04,0.02,NA
2016-11-22,0,0,0,0,0,0,0,0,0,0,NA
2016-11-23,0,0,0,0,0,0,0,0,0,0,NA
2016-11-24,0.01,0.01,0.01,0.01,0.03,0.01,0.01,0.01,0.01,0,NA
2016-11-25,0.14,0.03,0.17,0.05,0.15,0.04,0.15,0.03,0.15,0.04,NA
2016-11-26,0.03,0.02,0.03,0.02,0.07,0.04,0.02,0.02,0.03,0.02,NA
2016-11-27,0,0,0,0,0,0,0,0,0,0,NA
2016-11-28,0,0,0,0,0,0,0,0,0,0,NA
2016-11-29,1.15,0.31,1.08,0.25,1.25,0.33,1.28,0.31,1.21,0.34,NA
2016-11-30,0.19,0.06,0.14,0.04,0.18,0.05,0.21,0.06,0.19,0.06,NA
2016-12-01,1.32,0.25,1.01,0.2,1.25,0.25,1.27,0.24,1.12,0.21,NA
2016-12-02,0,0,0,0,0,0,0,0,0,0,NA
2016-12-03,0,0,0,0,0,0,0,0,0,0,NA
2016-12-04,0,0,0,0,0,0,0,0,0,0,NA
2016-12-05,0.01,0.01,0,0,0,0,0.01,0.01,0.16,0.05,NA
2016-12-06,0.12,0.1,0.15,0.11,0.18,0.12,0.14,0.09,0,0,NA
2016-12-07,0.02,0.02,0.03,0.02,0.02,0.02,0.02,0.02,0.03,0.02,NA
2016-12-08,0,0,0.01,0.01,0,0,0,0,0,0,NA
2016-12-09,0,0,0,0,0,0,0,0,0,0,NA
2016-12-10,0,0,0,0,0,0,0,0,0,0,NA
2016-12-11,0,0,0,0,0,0,0,0,0,0,NA
2016-12-12,0,0,0.28,0.06,0,0,0.58,0.18,0.65,0.12,NA
2016-12-13,0.51,0.21,0.25,0.12,0.25,0.1,0.09,0.03,0,0,NA
2016-12-14,0,0,0.04,0.02,0.22,0.12,0,0,0.01,0.01,NA
2016-12-15,0,0,0,0,0,0,0,0,0,0,NA
2016-12-16,0,0,0,0,0,0,0,0,0,0,NA
2016-12-17,0,0,0,0,0,0,0,0,0.53,0.08,NA
2016-12-18,0.66,0.18,0.79,0.3,0.73,0.16,0.41,0.15,0.49,0.09,NA
2016-12-19,0,0,0.03,0.02,0,0,0,0,0,0,NA
2016-12-20,0,0,0,0,0,0,0,0,0,0,NA
2016-12-21,0,0,0,0,0.06,0.03,0,0,0,0,NA
2016-12-22,0.08,0.04,0.04,0.02,0.09,0.04,0.09,0.06,0.08,0.02,NA
2016-12-23,0.01,0.01,0.04,0.02,0,0,0,0,0,0,NA
2016-12-24,0.14,0.08,0.18,0.1,0.17,0.07,0.17,0.1,0.14,0.08,NA
2016-12-25,0,0,0,0,0,0,0.01,0.01,0,0,NA
2016-12-26,0.01,0.01,0.02,0.01,0.06,0.04,0.01,0.01,0.02,0.02,NA
2016-12-27,0.12,0.06,0.12,0.06,0.1,0.06,0.12,0.06,0.12,0.06,NA
2016-12-28,0,0,0,0,0,0,0,0,0,0,NA
2016-12-29,1.07,0.34,1.03,0.36,0.86,0.43,1.08,0.28,1.59,0.31,NA
2016-12-30,0.33,0.19,0.01,0.01,0.09,0.05,0.4,0.14,0.25,0.12,NA
2016-12-31,0.1,0.06,0.05,0.04,0.01,0.01,0.12,0.05,0.12,0.04,NA
2017-01-01,0.16,0.05,0.64,0.1,0.22,0.11,0.06,0.03,0.05,0.03,NA
2017-01-02,0,0,0.04,0.02,0.16,0.06,0,0,0,0,NA
2017-01-03,0.98,0.21,0.69,0.18,1.08,0.19,1,0.24,1.01,0.23,NA
2017-01-04,0.14,0.04,0.12,0.04,0.13,0.05,0.13,0.05,0.12,0.04,NA
2017-01-05,0,0,0,0,0,0,0,0,0,0,NA
2017-01-06,0,0,0,0,0,0,0,0,0,0,NA
2017-01-07,0,0,0,0,0,0,0,0,0.09,0.03,NA
2017-01-08,0,0,0,0,0,0,0,0,0.01,0.01,NA
2017-01-09,0.01,0.01,0,0,0,0,0,0,0,0,NA
2017-01-10,0.23,0.06,0.3,0.15,0.05,0.03,0.2,0.07,0.2,0.06,NA
2017-01-11,0.26,0.1,0.2,0.08,0.33,0.16,0.25,0.1,0.23,0.09,NA
2017-01-12,0.1,0.03,0.1,0.02,0.17,0.04,0.09,0.02,0.11,0.02,NA
2017-01-13,0.01,0.01,0.01,0.01,0.01,0.01,0,0,0,0,NA
2017-01-14,0,0,0,0,0,0,0,0,0,0,NA
2017-01-15,0,0,0,0,0,0,0,0,0,0,NA
2017-01-16,0,0,0,0,0,0,0,0,0,0,NA
2017-01-17,0,0,0,0,0,0,0,0,0.02,0.01,NA
2017-01-18,0,0,0,0,0,0,0,0,0.41,0.06,NA
2017-01-19,0.4,0.23,0.31,0.25,0.42,0.2,0.25,0.15,0.03,0.01,NA
2017-01-20,0,0,0,0,0.02,0.02,0,0,0,0,NA
2017-01-21,0,0,0,0,0,0,0,0,0,0,NA
2017-01-22,0,0,0,0,0,0,0,0,0,0,NA
2017-01-23,0,0,0,0,0,0,0,0,0,0,NA
2017-01-24,0.13,0.07,0.43,0.2,0.05,0.05,0.46,0.19,1.36,0.19,NA
2017-01-25,0.7,0.2,0.36,0.14,0.83,0.14,0.52,0.11,0.01,0.01,NA
2017-01-26,0,0,0,0,0,0,0,0,0,0,NA
2017-01-27,0,0,0,0,0,0,0,0,0,0,NA
2017-01-28,0,0,0,0,0,0,0,0,0,0,NA
2017-01-29,0,0,0,0,0,0,0,0,0,0,NA
2017-01-30,0,0,0,0,0,0,0,0,0,0,NA
2017-01-31,0,0,0,0,0,0,0,0,0,0,NA
2017-02-01,0,0,0.02,0.01,0.03,0.02,0.02,0.01,0.03,0.01,NA
2017-02-02,0,0,0,0,0,0,0,0,0,0,NA
2017-02-03,0,0,0,0,0,0,0,0,0,0,NA
2017-02-04,0,0,0,0,0,0,0,0,0,0,NA
2017-02-05,0,0,0,0,0,0,0,0,0,0,NA
2017-02-06,0,0,0,0,0,0,0,0,0,0,NA
2017-02-07,0,0,0,0,0,0,0,0,0.57,0.08,NA
2017-02-08,0.34,0.17,0.38,0.28,0.51,0.37,0.13,0.07,0.13,0.09,NA
2017-02-09,0,0,0,0,0,0,0,0,0.43,0.09,NA
2017-02-10,0,0,0,0,0,0,0,0,0,0,NA
2017-02-11,0,0,0,0,0,0,0,0,0.21,0.03,NA
2017-02-12,0,0,0,0,0,0,0,0,1.13,0.18,NA
2017-02-13,0,0,0,0,0,0,0,0,0.44,0.09,NA
2017-02-14,0.09,0.06,0.02,0.01,0,0,0.08,0.05,0,0,NA
2017-02-15,0.85,0.23,0,0,0.26,0.17,0.78,0.18,0.92,0.2,NA
2017-02-16,0.35,0.16,0,0,0.01,0.01,0.25,0.13,0.27,0.05,NA
2017-02-17,0,0,0,0,0.05,0.04,0,0,0,0,NA
2017-02-18,0,0,0.01,0.01,0.41,0.11,0,0,0,0,NA
2017-02-19,0,0,0,0,0,0,0,0,0,0,NA
2017-02-20,0,0,0,0,0,0,0,0,0,0,NA
2017-02-21,0,0,0,0,0,0,0,0,0,0,NA
2017-02-22,0,0,0,0,0,0,0,0,0,0,NA
2017-02-23,0,0,0,0,0,0,0,0,0,0,NA
2017-02-24,0.1,0.05,0.06,0.04,0.14,0.1,0.03,0.02,0.03,0.03,NA
2017-02-25,0.25,0.09,0.23,0.07,0.25,0.1,0.23,0.09,0.25,0.11,NA
2017-02-26,0.01,0.01,0.01,0.01,0.01,0.01,0.01,0.01,0.14,0.01,NA
2017-02-27,0,0,0,0,0,0,0,0,0,0,NA
2017-02-28,0,0,0,0,0,0,0,0,0,0,NA
2017-03-01,0.08,0.04,0.06,0.03,0.12,0.05,0.08,0.03,0.08,0.03,NA
2017-03-02,0,0,0,0,0,0,0,0,0,0,NA
2017-03-03,0,0,0,0,0,0,0,0,0,0,NA
2017-03-04,0,0,0,0,0,0,0,0,0,0,NA
2017-03-05,0,0,0,0,0,0,0,0,0,0,NA
2017-03-06,0,0,0,0,0,0,0,0,0,0,NA
2017-03-07,0.07,0.02,0.06,0.03,0.07,0.03,0.07,0.03,0.06,0.04,NA
2017-03-08,0.19,0.05,0.2,0.08,0.32,0.09,0.17,0.06,0.15,0.05,NA
2017-03-09,0,0,0,0,0,0,0,0,0,0,NA
2017-03-10,0,0,0,0,0,0,0,0,0.05,0.03,NA
2017-03-11,0,0,0,0,0,0,0,0,0,0,NA
2017-03-12,0,0,0,0,0,0,0,0,0,0,NA
2017-03-13,0,0,0,0,0,0,0,0,0,0,NA
2017-03-14,0,0,0,0,0,0,0,0,1.43,0.14,NA
2017-03-15,0.15,0.15,0.25,0.13,0.31,0.16,0.01,0.01,0.01,0.01,NA
2017-03-16,0,0,0,0,0.03,0.02,0,0,0,0,NA
2017-03-17,0,0,0.01,0.01,0,0,0,0,0,0,NA
2017-03-18,0,0,0,0,0,0,0,0,0,0,NA
2017-03-19,0,0,0,0,0,0,0,0,0,0,NA
2017-03-20,0,0,0,0,0,0,0,0,0,0,NA
2017-03-21,0,0,0,0,0,0,0,0,0,0,NA
2017-03-22,0,0,0,0,0,0,0,0,0.01,0.01,NA
2017-03-23,0,0,0,0,0,0,0,0,0,0,NA
2017-03-24,0.33,0.08,0.27,0.08,0.42,0.11,0.31,0.06,0.28,0.05,NA
2017-03-25,0,0,0,0,0.01,0.01,0.01,0.01,0,0,NA
2017-03-26,0,0,0,0,0,0,0,0,0,0,NA
2017-03-27,0.81,0.23,0.69,0.19,1.33,0.41,0.76,0.21,0.75,0.22,NA
2017-03-28,0.19,0.07,0.15,0.05,0.31,0.1,0.19,0.07,0.25,0.08,NA
2017-03-29,0.13,0.06,0.12,0.05,0.14,0.06,0.12,0.06,0.07,0.04,NA
2017-03-30,0,0,0,0,0,0,0,0,0,0,NA
2017-03-31,0,0,0,0,0,0,0,0,0.36,0.08,NA
2017-04-01,0.33,0.07,0,0,0.3,0.09,0.52,0.1,0.75,0.09,NA
2017-04-02,0.57,0.17,0.68,0.43,0.72,0.25,0.31,0.2,0,0,NA
2017-04-03,0,0,0,0,0,0,0,0,0,0,NA
2017-04-04,0.79,0.1,0.57,0.09,1.35,0.23,0.69,0.11,0.72,0.1,NA
2017-04-05,0.06,0.04,0.06,0.03,0.02,0.01,0.19,0.12,0.01,0.01,NA
2017-04-06,1.68,0.6,1.32,0.44,1.93,0.89,1.66,0.45,1.83,0.16,NA
2017-04-07,0.02,0.01,0.02,0.01,0.02,0.01,0.01,0.01,0,0,NA
2017-04-08,0,0,0,0,0.01,0.01,0,0,0,0,NA
2017-04-09,0,0,0,0,0,0,0,0,0,0,NA
2017-04-10,0,0,0,0,0,0,0,0,0,0,NA
2017-04-11,0,0,0.02,0.02,0,0,0,0,0,0,NA
2017-04-12,0.22,0.09,0.2,0.11,0.18,0.09,0.21,0.09,0.2,0.08,NA
2017-04-13,0,0,0.01,0.01,0.01,0.01,0,0,0,0,NA
2017-04-14,0,0,0,0,0,0,0,0,0,0,NA
2017-04-15,0,0,0,0,0,0,0,0,0,0,NA
2017-04-16,0.01,0.01,0.02,0.02,0.02,0.01,0.02,0.02,0.03,0.03,NA
2017-04-17,0,0,0,0,0,0,0,0,0,0,NA
2017-04-18,0,0,0,0,0,0,0,0,0,0,NA
2017-04-19,0.2,0.09,0.15,0.06,0.2,0.09,0.18,0.09,0.16,0.08,NA
2017-04-20,0,0,0,0,0.01,0.01,0,0,0,0,NA
2017-04-21,0.4,0.06,0.26,0.05,0.49,0.13,0.32,0.07,0.36,0.07,NA
2017-04-22,0.3,0.1,0.2,0.05,0.23,0.07,0.22,0.06,0.13,0.04,NA
2017-04-23,0.01,0.01,0,0,0,0,0,0,0,0,NA
2017-04-24,0,0,0,0,0,0,0,0,0,0,NA
2017-04-25,0.47,0.14,0.36,0.1,0.53,0.15,0.51,0.16,0.54,0.15,NA
2017-04-26,1.55,0.17,1.2,0.14,1.49,0.18,1.42,0.16,1.31,0.17,NA
2017-04-27,0.03,0.02,0.04,0.01,0.01,0.01,0.02,0.01,0,0,NA
2017-04-28,0,0,0,0,0,0,0,0,0,0,NA
2017-04-29,0,0,0,0,0,0,0,0,0,0,NA
2017-04-30,0,0,0,0,0,0,0,0,0,0,NA
2017-05-01,0.06,0.01,0.05,0.02,0.22,0.17,0.02,0.01,0.13,0.1,NA
2017-05-02,0.52,0.16,0.44,0.12,0.34,0.07,0.5,0.13,0.33,0.08,NA
2017-05-03,0,0,0,0,0,0,0,0,0,0,NA
2017-05-04,0,0,0,0,0,0,0,0,0,0,NA
2017-05-05,0.82,0.22,0.54,0.12,0.91,0.27,0.65,0.15,0.68,0.15,NA
2017-05-06,0.15,0.08,0.14,0.06,0.16,0.08,0.14,0.07,0.13,0.06,NA
2017-05-07,0.03,0.01,0.02,0.01,0.02,0.01,0.02,0.01,0.01,0.01,NA
2017-05-08,0.06,0.06,0.08,0.06,0.05,0.05,0.05,0.04,0.05,0.04,NA
2017-05-09,0,0,0,0,0,0,0,0,0,0,NA
2017-05-10,0,0,0,0,0,0,0,0,0,0,NA
2017-05-11,0,0,0,0,0,0,0,0,0.01,0.01,NA
2017-05-12,0,0,0.01,0.01,0,0,0.01,0.01,0,0,NA
2017-05-13,0,0,0,0,0,0,0,0,0,0,NA
2017-05-14,0.77,0.09,0.64,0.08,0.81,0.12,0.75,0.09,0.72,0.09,NA
2017-05-15,0.06,0.03,0.08,0.04,0.07,0.02,0.07,0.03,0.04,0,NA
2017-05-16,0,0,0,0,0,0,0,0,0,0.03,NA
2017-05-17,0,0,0,0,0,0,0,0,0,0,NA
2017-05-18,0,0,0,0,0.01,0.01,0,0,0,0,NA
2017-05-19,0.02,0.02,0.01,0.01,0,0,0,0,0,0,NA
2017-05-20,0,0,0,0,0,0,0,0,0,0,NA
2017-05-21,0,0,0,0,0,0,0,0,0,0,NA
2017-05-22,0.52,0.12,0.44,0.13,0.58,0.13,0.51,0.12,0.53,0.14,NA
2017-05-23,0,0,0,0,0,0,0.01,0.01,0,0,NA
2017-05-24,0,0,0,0,0,0,0,0,0,0,NA
2017-05-25,1.18,0.39,0.89,0.35,1.24,0.41,1.08,0.38,1.03,0.36,NA
2017-05-26,1.61,0.56,1.32,0.49,1.4,0.48,1.54,0.5,1.74,0.73,NA
2017-05-27,0.01,0.01,0.01,0.01,0.01,0.01,0,0,0,0,NA
2017-05-28,0,0,0,0,0,0,0,0,0,0,NA
2017-05-29,0.04,0.01,0.04,0.02,0.03,0.02,0.03,0.02,0.02,0.02,NA
2017-05-30,0.03,0.01,0.02,0.01,0.03,0.01,0.02,0.01,0,0,NA
2017-05-31,0.4,0.21,0.65,0.38,0.92,0.24,0.18,0.11,0.52,0.31,NA
2017-06-01,0.02,0.02,0.19,0.17,0,0,0.23,0.23,0.11,0.11,NA
2017-06-02,0.02,0.02,0.01,0.01,0.08,0.06,0,0,0.01,0.01,NA
2017-06-03,0.01,0.01,0,0,0,0,0,0,0,0,NA
2017-06-04,0.02,0.02,0.01,0.01,0.02,0.02,0.01,0.01,0.04,0.04,NA
2017-06-05,0.15,0.04,0.1,0.03,0.14,0.04,0.12,0.04,0.14,0.07,NA
2017-06-06,0.73,0.1,0.64,0.1,0.84,0.15,0.66,0.09,0.72,0.08,NA
2017-06-07,0.02,0.01,0.05,0.03,0.01,0.01,0.06,0.04,0.03,0.03,NA
2017-06-08,0,0,0,0,0,0,0,0,0,0,NA
2017-06-09,0.01,0.01,0.01,0.01,0.01,0.01,0,0,0,0,NA
2017-06-10,0,0,0,0,0,0,0,0,0,0,NA
2017-06-11,0,0,0,0,0,0,0,0,0,0,NA
2017-06-12,0,0,0.02,0.02,0,0,0,0,0,0,NA
2017-06-13,0,0,0,0,0,0,0,0,0,0,NA
2017-06-14,0,0,0,0,0,0,0,0,0,0,NA
2017-06-15,0,0,0,0,0,0,0,0,0,0,NA
2017-06-16,0.29,0.09,0.29,0.1,0.31,0.07,0.35,0.12,0.41,0.14,NA
2017-06-17,0.06,0.04,0.07,0.03,0.03,0.02,0.06,0.04,0.02,0.02,NA
2017-06-18,0,0,0.01,0.01,0,0,0,0,0.01,0.01,NA
2017-06-19,0.34,0.32,0.34,0.3,0.21,0.17,0.34,0.32,0.33,0.3,NA
2017-06-20,0.02,0.01,0.01,0.01,0.01,0.01,0.02,0.01,0,0,NA
2017-06-21,0,0,0,0,0,0,0,0,0,0,NA
2017-06-22,0,0,0,0,0,0,0,0,0,0,NA
2017-06-23,0.04,0.03,0.03,0.03,0.08,0.06,0.05,0.04,0,0,NA
2017-06-24,0,0,0,0,0,0,0,0,0,0,NA
2017-06-25,0,0,0,0,0,0,0,0,0,0,NA
2017-06-26,0,0,0,0,0,0,0,0,0,0,NA
2017-06-27,0.36,0.19,0.35,0.13,0.53,0.19,0.25,0.17,0.2,0.16,NA
2017-06-28,0,0,0.01,0.01,0.01,0.01,0,0,0.06,0.06,NA
2017-06-29,0.11,0.03,0.15,0.03,0.19,0.05,0.21,0.1,0.17,0.04,NA
2017-06-30,0.38,0.09,0.37,0.1,0.38,0.12,0.36,0.09,0.37,0.15,NA
2017-07-01,0,0,0,0,0,0,0,0,0,0,NA
2017-07-02,0,0,0.01,0.01,0,0,0,0,0,0,NA
2017-07-03,0,0,0,0,0,0,0,0,0,0,NA
2017-07-04,0,0,0,0,0,0,0,0,0,0,NA
2017-07-05,0,0,0,0,0,0,0,0,0,0,NA
2017-07-06,0,0,0,0,0,0,0,0,0,0,NA
2017-07-07,0,0,0,0,0,0,0,0,0.01,0.01,NA
2017-07-08,0.71,0.71,1.1,1.1,0.34,0.34,0.31,0.31,0.18,0.18,NA
2017-07-09,0,0,0,0,0,0,0,0,0,0,NA
2017-07-10,0,0,0,0,0,0,0,0,0,0,NA
2017-07-11,0,0,0.01,0.01,0.01,0.01,0,0,0.01,0.01,NA
2017-07-12,0.02,0.02,0.01,0.01,0.14,0.13,0,0,0,0,NA
2017-07-13,0.13,0.09,0.09,0.07,0.21,0.1,0.11,0.06,0.04,0.02,NA
2017-07-14,0,0,0,0,0,0,0,0,0,0,NA
2017-07-15,0,0,0.01,0.01,0,0,0.01,0.01,0,0,NA
2017-07-16,0,0,0.01,0.01,0,0,0,0,0,0,NA
2017-07-17,0,0,0,0,0,0,0,0,0,0,NA
2017-07-18,0.01,0.01,0.03,0.03,0,0,0.11,0.11,0.57,0.57,NA
2017-07-19,0,0,0,0,0,0,0,0,0,0,NA
2017-07-20,0,0,0,0,0,0,0,0,0,0,NA
2017-07-21,0,0,0,0,0,0,0,0,0,0,NA
2017-07-22,0.01,0.01,0.04,0.04,0,0,0.19,0.19,0,0,NA
2017-07-23,0,0,0,0,0,0,0,0,0,0,NA
2017-07-24,0.27,0.1,0.26,0.14,0.42,0.18,0.26,0.11,0.24,0.1,NA
2017-07-25,0,0,0,0,0.01,0.01,0,0,0,0,NA
2017-07-26,0,0,0,0,0,0,0,0,0,0,NA
2017-07-27,0.01,0.01,0.03,0.02,0.01,0.01,0.02,0.01,0,0,NA
2017-07-28,0,0,0,0,0,0,0,0,0,0,NA
2017-07-29,0,0,0,0,0,0,0,0,0,0,NA
2017-07-30,0,0,0,0,0,0,0,0,0,0,NA
2017-07-31,0,0,0,0,0,0,0,0,0,0,NA
2017-08-01,0,0,0,0,0,0,0,0,0,0,NA
2017-08-02,0,0,0,0,0,0,0,0,0,0,NA
2017-08-03,0,0,0,0,0,0,0,0,0,0,NA
2017-08-04,0,0,0,0,0,0,0,0,0,0,NA
2017-08-05,0.06,0.05,0.06,0.03,0.13,0.08,0.08,0.05,0.05,0.04,NA
2017-08-06,0.01,0.01,0.04,0.01,0.01,0.01,0.01,0.01,0,0,NA
2017-08-07,0,0,0,0,0.02,0.02,0,0,0.02,0.02,NA
2017-08-08,0.12,0.02,0.14,0,0.14,0.03,0.17,0.04,0.14,0.05,NA
2017-08-09,0,0,0,0,0,0,0,0,0,0,NA
2017-08-10,0,0,0,0,0,0,0,0,0,0,NA
2017-08-11,0,0,0,0,0,0,0,0,0,0,NA
2017-08-12,0.09,0.04,0.09,0.02,0.11,0.05,0.1,0.03,0.08,0.03,NA
2017-08-13,0.01,0.01,0.01,0.01,0.01,0.01,0,0,0.01,0.01,NA
2017-08-14,0,0,0,0,0,0,0,0,0,0,NA
2017-08-15,0,0,0,0,0,0,0,0,0,0,NA
2017-08-16,0,0,0,0,0,0,0,0,0,0,NA
2017-08-17,0,0,0,0,0,0,0,0,0,0,NA
2017-08-18,2.38,0.49,1.74,0.29,3.14,0.89,1.88,0.5,1.91,0.46,NA
2017-08-19,0,0,0.08,0.06,0,0,0,0,0.01,0.01,NA
2017-08-20,0,0,0,0,0,0,0,0,0,0,NA
2017-08-21,0,0,0,0,0,0,0,0,0,0,NA
2017-08-22,0.03,0.03,0,0,0.29,0.24,0.06,0.06,0.36,0.34,NA
2017-08-23,0.6,0.22,0.63,0.16,0.33,0.17,0.61,0.24,0.41,0.26,NA
2017-08-24,0,0,0,0,0,0,0,0,0,0,NA
2017-08-25,0,0,0,0,0,0,0,0,0,0,NA
2017-08-26,0,0,0,0,0,0,0,0,0,0,NA
2017-08-27,0,0,0,0,0,0,0,0,0,0,NA
2017-08-28,0,0,0,0,0,0,0,0,0,0,NA
2017-08-29,0,0,0,0,0,0,0,0,0,0,NA
2017-08-30,0,0,0,0,0,0,0,0,0,0,NA
2017-08-31,0,0,0,0,0,0,0,0,0,0,NA
2017-09-01,0,0,0,0,0,0,0,0,0,0,NA
2017-09-02,0,0,0,0,0,0,0,0,0,0,NA
2017-09-03,0.98,0.42,0.62,0.09,0.86,0.29,0.9,0.36,0.91,0.3,NA
2017-09-04,0.04,0.02,0.24,0.07,0.04,0.03,0.02,0.01,0.01,0.01,NA
2017-09-05,0,0,0.01,0.01,0,0,0,0,0,0,NA
2017-09-06,0.75,0.23,0.47,0.06,1.12,0.39,0.44,0.15,0.62,0.17,NA
2017-09-07,0.67,0.24,0.87,0.07,0.73,0.28,0.53,0.23,0.61,0.22,NA
2017-09-08,0,0,0.07,0,0,0,0,0.01,0.01,0,NA
2017-09-09,0,0,0,0,0,0,0,0,0,0,NA
2017-09-10,0,0,0,0,0,0,0,0,0,0,NA
2017-09-11,0,0,0,0,0,0,0,0,0,0,NA
2017-09-12,0,0,0,0,0,0,0,0,0,0,NA
2017-09-13,0,0,0,0,0.01,0.01,0,0,0,0,NA
2017-09-14,0,0,0,0,0,0,0,0,0,0,NA
2017-09-15,0,0,0,0,0,0,0,0,0,0,NA
2017-09-16,0.01,0.01,0.01,0.01,0.01,0.01,0,0,0,0,NA
2017-09-17,0,0,0,0,0,0,0,0,0,0,NA
2017-09-18,0.01,0.01,0.01,0.01,0,0,0.01,0.01,0,0,NA
2017-09-19,0.05,0.03,0.05,0.03,0.09,0.04,0.03,0.02,0.04,0.03,NA
2017-09-20,0.01,0.01,0,0,0,0,0,0,0,0,NA
2017-09-21,0,0,0,0,0,0,0,0,0,0,NA
2017-09-22,0,0,0,0,0,0,0,0,0,0,NA
2017-09-23,0,0,0,0,0,0,0,0,0,0,NA
2017-09-24,0,0,0,0,0,0,0,0,0,0,NA
2017-09-25,0.01,0.01,0,0,0,0,0,0,0,0,NA
2017-09-26,0,0,0,0,0,0,0,0,0,0,NA
2017-09-27,0,0,0,0,0,0,0,0,0,0,NA
2017-09-28,0,0,0,0,0,0,0,0,0,0,NA
2017-09-29,0,0,0,0,0,0,0,0,0,0,NA
2017-09-30,0.08,0.05,0.03,0.02,0.07,0.03,0.03,0.01,0.03,0.02,NA
2017-10-01,0,0,0,0,0,0,0,0,0,0,NA
2017-10-02,0,0,0,0,0,0,0,0,0,0,NA
2017-10-03,0,0,0.07,0.07,0,0,0,0,0,0,NA
2017-10-04,0,0,0.01,0.01,0,0,0,0,0,0,NA
2017-10-05,0,0,0,0,0,0,0,0,0,0,NA
2017-10-06,0,0,0.04,0.04,0.04,0.04,0.04,0.04,0.03,0.03,NA
2017-10-07,0,0,0,0,0,0,0,0,0,0,NA
2017-10-08,0,0,0.09,0.06,0.16,0.12,0.12,0.07,0.12,0.06,NA
2017-10-09,0,0,0.43,0.17,0.48,0.2,0.49,0.21,0.46,0.23,NA
2017-10-10,0,0,0.01,0.01,0,0,0,0,0,0,NA
2017-10-11,0,0,0.01,0.01,0.02,0.01,0.01,0.01,0.01,0.01,NA
2017-10-12,0,0,0,0,0,0,0,0,0,0,NA
2017-10-13,0,0,0,0,0,0,0,0,0,0,NA
2017-10-14,0,0,0,0,0,0,0,0,0,0,NA
2017-10-15,0,0,0.01,0.01,0.01,0.01,0,0,0,0,NA
2017-10-16,0,0,0.02,0.02,0.03,0.03,0.01,0.01,0,0,NA
2017-10-17,0,0,0,0,0,0,0,0,0,0,NA
2017-10-18,0,0,0,0,0,0,0,0,0,0,NA
2017-10-19,0,0,0,0,0,0,0,0,0,0,NA
2017-10-20,0,0,0,0,0,0,0,0,0,0,NA
2017-10-21,0,0,0,0,0,0,0,0,0,0,NA
2017-10-22,0,0,0,0,0,0,0,0,0,0,NA
2017-10-23,0,0,0,0,0,0,0,0,0,0,NA
2017-10-24,0,0,0.06,0.05,0.09,0.05,0.06,0.04,0.06,0.03,NA
2017-10-25,0,0,1.29,0.33,1.35,0.23,1.69,0.47,1.38,0.27,NA
2017-10-26,0,0,1.75,0.83,1.89,0.83,1.66,0.69,1.76,0.86,NA
2017-10-27,0,0,0.02,0.02,0,0,0.03,0.03,0,0,NA
2017-10-28,0,0,0,0,0,0,0,0,0,0,NA
2017-10-29,0,0,0.46,0.19,0.64,0.26,0.53,0.22,0.56,0.21,NA
2017-10-30,0,0,0.61,0.13,0.93,0.24,0.7,0.17,0.76,0.18,NA
2017-10-31,0,0,0,0,0,0,0,0,0,0,NA
2017-11-01,0,0,0,0,0,0,0,0,0,0,NA
2017-11-02,0,0,0.01,0.01,0.01,0.01,0,0,0,0,NA
2017-11-03,0,0,0,0,0,0,0,0,0,0,NA
2017-11-04,0,0,0,0,0,0,0,0,0,0,NA
2017-11-05,0,0,0,0,0.01,0.01,0,0,0.03,0.02,NA
2017-11-06,0,0,0.4,0.2,0.51,0.27,0,0,0.32,0.17,NA
2017-11-07,0,0,0,0,0,0,0,0,0,0,NA
2017-11-08,0,0,0,0,0,0,0,0,0,0,NA
2017-11-09,0,0,0,0,0,0,0,0,0,0,NA
2017-11-10,0,0,0.03,0.01,0.01,0.01,0.04,0.02,0.03,0.02,NA
2017-11-11,0,0,0,0,0,0,0,0,0,0,NA
2017-11-12,0,0,0,0,0,0,0,0,0,0,NA
2017-11-13,0.06,0.02,0.07,0.03,0.03,0.01,0.08,0.03,0.09,0.03,NA
2017-11-14,0.06,0.03,0.02,0.01,0.09,0.05,0,0,0,0,NA
2017-11-15,0,0,0,0,0,0,0,0,0,0,NA
2017-11-16,0.57,0.18,0.52,0.16,0.75,0.26,0.59,0.15,0.55,0.17,NA
2017-11-17,0,0,0,0,0,0,0,0,0,0,NA
2017-11-18,0.22,0.08,0.16,0.08,0.28,0.09,0.2,0.09,0.22,0.09,NA
2017-11-19,0.44,0.06,0.43,0.06,0.67,0.13,0.44,0.07,0.43,0.07,NA
2017-11-20,0,0,0,0,0,0,0,0,0,0,NA
2017-11-21,0,0,0,0,0,0,0,0,0,0,NA
2017-11-22,0.46,0.13,0.49,0.16,0.57,0.22,0.5,0.15,0.43,0.16,NA
2017-11-23,0,0,0,0,0,0,0,0,0,0,NA
2017-11-24,0,0,0,0,0,0,0,0,0,0,NA
2017-11-25,0,0,0,0,0,0,0,0,0,0,NA
2017-11-26,0,0,0,0,0,0,0,0,0,0,NA
2017-11-27,0,0,0,0,0,0,0,0,0,0,NA
2017-11-28,0,0,0,0,0,0,0,0,0,0,NA
2017-11-29,0,0,0.01,0,0,0,0.01,0.01,0,0,NA
2017-11-30,0,0,0.01,0.01,0,0,0,0,0,0,NA
2017-12-01,0.08,0.04,0.08,0.04,0.1,0.04,0.09,0.04,0.08,0.03,NA
2017-12-02,0,0,0,0,0,0,0,0,0,0,NA
2017-12-03,0,0,0,0,0,0,0,0,0,0,NA
2017-12-04,0,0,0,0,0,0,0,0,0,0,NA
2017-12-05,0.48,0.11,0.19,0.06,0.79,0.15,0.36,0.09,0.34,0.07,NA
2017-12-06,0.38,0.13,0.41,0.12,0.41,0.17,0.32,0.13,0.31,0.1,NA
2017-12-07,0,0,0,0,0,0,0,0,0,0,NA
2017-12-08,0,0,0,0,0,0,0,0,0,0,NA
2017-12-09,0,0,0,0,0,0,0,0,0.49,0.08,NA
2017-12-10,0.27,0.15,0.18,0.06,0.44,0.21,0.14,0.06,0.02,0.01,NA
2017-12-11,0,0,0.12,0.06,0.08,0.03,0,0,0,0,NA
2017-12-12,0.15,0.09,0,0,0.13,0.07,0.43,0.24,0.81,0.23,NA
2017-12-13,0,0,0,0,0,0,0,0,0,0,NA
2017-12-14,0,0,0,0,0,0,0,0,0,0,NA
2017-12-15,0,0,0,0,0,0,0.01,0.01,0.01,0.01,NA
2017-12-16,0.1,0.03,0,0,0.01,0.01,0.01,0.01,0,0,NA
2017-12-17,0.02,0.02,0,0,0,0,0,0,0,0,NA
2017-12-18,0,0,0,0,0,0,0,0,0.25,0.04,NA
2017-12-19,0.49,0.21,0,0,0,0,0.01,0.01,0.03,0.02,NA
2017-12-20,0,0,0,0,0.14,0.07,0,0,0,0,NA
2017-12-21,0,0,0,0,0,0,0,0,0,0,NA
2017-12-22,0,0,0,0,0,0,0,0,0.21,0.03,NA
2017-12-23,0.06,0.03,0,0,0.02,0.02,0.13,0.06,0.56,0.1,NA
2017-12-24,0.27,0.14,0,0,0.15,0.06,0.17,0.09,0,0,NA
2017-12-25,0.01,0.01,0,0,0,0,0,0,0.34,0.14,NA
2017-12-26,0,0,0,0,0.01,0.01,0,0,0,0,NA
2017-12-27,0,0,0,0,0,0,0,0,0,0,NA
2017-12-28,0,0,0,0,0,0,0,0,0,0,NA
2017-12-29,0,0,0,0,0,0,0,0,0.02,0.01,NA
2017-12-30,0,0,0,0,0,0,0,0,0,0,NA
2017-12-31,0,0,0,0,0,0,0,0,0,0,NA
2018-01-01,0,0,0,0,0,0,0,0,0,0,NA
2018-01-02,0,0,0,0,0,0,0,0,0,0,NA
2018-01-03,0.13,0.07,0,0,0,0,0.15,0.09,0,0,NA
2018-01-04,0,0,0,0,0,0,0,0,0.62,0.12,Snow
2018-01-05,0,0,0,0,0,0,0,0,0.01,0.01,NA
2018-01-06,0,0,0,0,0,0,0,0,0,0,NA
2018-01-07,0,0,0,0,0,0,0,0,0,0,NA
2018-01-08,0,0,0,0,0,0,0,0,0.02,0.01,NA
2018-01-09,0.02,0.01,0.01,0.01,0,0,0,0,0,0,NA
2018-01-10,0,0,0,0,0,0,0,0,0,0,NA
2018-01-11,0,0,0,0,0.05,0.05,0,0,0,0,NA
2018-01-12,0.48,0.16,0.43,0.13,0.47,0.17,0.53,0.14,0.59,0.14,NA
2018-01-13,0.67,0.17,0.8,0.14,0.88,0.31,0.84,0.34,0.73,0.14,NA
2018-01-14,0,0,0,0,0,0,0,0,0,0,NA
2018-01-15,0,0,0,0,0,0,0,0,0.01,0.01,NA
2018-01-16,0.01,0.01,0.03,0.02,0.01,0.01,0,0,0.03,0.01,NA
2018-01-17,0,0,0,0,0,0,0,0,0.41,0.04,NA
2018-01-18,0.31,0.12,0.3,0.12,0,0,0.25,0.11,0,0,NA
2018-01-19,0,0,0,0,0.01,0.01,0,0,0,0,NA
2018-01-20,0,0,0,0,0.09,0.06,0,0,0,0,NA
2018-01-21,0,0,0,0,0,0,0,0,0,0,NA
2018-01-22,0,0,0,0,0,0,0,0,0.11,0.04,NA
2018-01-23,0.6,0.29,0.67,0.41,0.64,0.27,0.81,0.24,0.76,0.26,NA
2018-01-24,0.22,0.08,0.08,0.04,0.23,0.07,0.16,0.06,0,0,NA
2018-01-25,0,0,0,0,0.01,0.01,0,0,0,0,NA
2018-01-26,0,0,0,0,0,0,0,0,0,0,NA
2018-01-27,0.09,0.09,0,0,0.01,0.01,0,0,0,0,NA
2018-01-28,0,0,0,0,0,0,0,0,0,0,NA
2018-01-29,0,0,0,0,0,0,0,0,0,0,NA
2018-01-30,0,0,0,0,0,0,0,0,0,0,NA
2018-01-31,0,0,0,0,0,0,0,0,0,0,NA
2018-02-01,0.12,0.06,0.12,0.06,0.09,0.06,0.13,0.08,0.13,0.05,NA
2018-02-02,0.06,0.03,0.08,0.04,0.01,0.01,0.09,0.04,0.16,0.04,NA
2018-02-03,0,0,0,0,0,0,0,0,0,0,NA
2018-02-04,0.63,0.13,0.62,0.13,0.79,0.17,0.66,0.12,0.63,0.13,NA
2018-02-05,0.31,0.12,0.32,0.11,0.3,0.13,0.34,0.13,0.34,0.11,NA
2018-02-06,0,0,0,0,0,0,0,0,0,0,NA
2018-02-07,0,0,0,0,0,0,0,0,0.96,0.17,NA
2018-02-08,0.18,0.09,0.27,0.11,0.05,0.03,0.26,0.11,0,0,NA
2018-02-09,0.12,0.07,0,0,0.02,0.01,0,0,0,0,NA
2018-02-10,0.24,0.12,0.34,0.12,0.77,0.19,0.21,0.13,0.24,0.11,NA
2018-02-11,0.54,0.12,0.5,0.1,0.55,0.13,0.62,0.14,0.52,0.12,NA
2018-02-12,0.01,0.01,0,0,0,0,0,0,0,0,NA
2018-02-13,0,0,0,0,0,0,0,0,0,0,NA
2018-02-14,0,0,0,0,0,0,0,0,0,0,NA
2018-02-15,0,0,0,0,0,0,0,0,0,0,NA
2018-02-16,0.05,0.04,0.06,0.05,0.04,0.03,0.09,0.06,0.1,0.07,NA
2018-02-17,0,0,0,0,0,0,0,0,0.14,0.08,NA
2018-02-18,0.53,0.34,0.54,0.29,0.54,0.28,0.59,0.31,0.39,0.08,NA
2018-02-19,0,0,0,0,0,0,0,0,0.01,0,NA
2018-02-20,0.03,0.02,0.02,0.01,0.02,0.01,0.02,0.01,0.01,0.01,NA
2018-02-21,0,0,0,0,0,0,0,0,0,0,Snow Melt
2018-02-22,0,0,0,0,0,0,0,0,0,0,NA
2018-02-23,0.27,0.11,0.23,0.07,0.32,0.1,0.27,0.07,0.23,0.07,NA
2018-02-24,0,0,0.01,0.01,0,0,0,0,0,0,NA
2018-02-25,0.63,0.12,0.38,0.07,0.05,0.03,0.52,0.09,0.48,0.09,NA
2018-02-26,0,0,0,0,0.06,0.01,0,0,0,0,NA
2018-02-27,0,0,0,0,0,0,0,0,0,0,NA
2018-02-28,0,0,0,0,0,0,0,0,0,0,NA
2018-03-01,0,0,0,0,0,0,0,0,0,0,NA
2018-03-02,0.13,0.07,0.11,0.05,0.15,0.13,0.11,0.05,0.1,0.03,NA
2018-03-03,0,0,0,0,0,0,0,0,0,0,NA
2018-03-04,0,0,0,0,0,0,0,0,0.01,0.01,NA
2018-03-05,0.06,0.05,0.09,0.08,0.08,0.08,0.02,0.02,0.06,0.04,NA
2018-03-06,0,0,0,0,0,0,0,0,0,0,NA
2018-03-07,0,0,0,0,0,0,0.04,0.02,0.39,0.1,NA
2018-03-08,0.2,0.06,0.13,0.03,0,0,0.14,0.03,0.99,0.09,NA
2018-03-09,0.13,0.08,0.3,0.18,0.48,0.1,0.26,0.19,0,0,NA
2018-03-10,0,0,0,0,0.42,0.14,0,0,0,0,NA
2018-03-11,0,0,0,0,0,0,0,0,0,0,NA
2018-03-12,0,0,0,0,0,0,0,0,0,0,NA
2018-03-13,0,0,0,0,0,0,0,0,1.03,0.08,NA
2018-03-14,0.43,0.18,0.51,0.22,0.59,0.2,0.26,0.14,0.25,0.04,NA
2018-03-15,0,0,0,0,0.13,0.08,0,0,0,0,NA
2018-03-16,0,0,0,0,0,0,0,0,0,0,NA
2018-03-17,0,0,0,0,0,0,0,0,0,0,NA
2018-03-18,0,0,0,0,0,0,0,0,0,0,NA
2018-03-19,0,0,0,0,0,0,0,0,0,0,NA
2018-03-20,0,0,0,0,0,0,0,0,0,0,NA
2018-03-21,0,0,0,0,0,0,0,0,0,0,NA
2018-03-22,0,0,0.04,0.03,0.02,0.02,0,0,0.05,0.02,NA
2018-03-23,0,0,0,0,0,0,0,0,0,0,NA
2018-03-24,0.05,0.03,0.09,0.05,0.03,0.02,0.08,0.04,0.05,0.03,NA
2018-03-25,0.03,0.02,0.02,0.01,0,0,0,0,0,0,NA
2018-03-26,0,0,0,0,0,0,0,0,0,0,NA
2018-03-27,0,0,0,0,0,0,0,0,0,0,NA
2018-03-28,0,0,0,0,0,0,0,0,0.01,0.01,NA
2018-03-29,0.2,0.07,0.18,0.06,0.34,0.09,0.2,0.07,0.2,0.07,NA
2018-03-30,0.11,0.02,0.09,0.02,0.1,0.02,0.1,0.02,0.06,0.01,NA
2018-03-31,0,0,0,0,0,0,0,0,0,0,NA
2018-04-01,0,0,0,0,0,0,0,0,0,0,NA
2018-04-02,0.04,0.02,0.06,0.02,0.01,0.01,0.06,0.04,0.09,0.05,NA
2018-04-03,0.21,0.06,0.15,0.04,0.25,0.06,0.18,0.06,0.17,0.05,NA
2018-04-04,0.54,0.12,0.56,0.11,0.55,0.09,0.58,0.11,0.66,0.13,NA
2018-04-05,0,0,0,0,0.01,0.01,0,0,0,0,NA
2018-04-06,0.18,0.05,0.11,0.05,0.22,0.12,0.18,0.09,0.14,0.08,NA
2018-04-07,0.08,0.04,0.09,0.05,0.09,0.04,0.08,0.04,0.06,0.03,NA
2018-04-08,0,0,0,0,0,0,0,0,0,0,NA
2018-04-09,0,0,0,0,0,0,0,0,0,0,NA
2018-04-10,0,0,0,0,0,0,0,0,0,0,NA
2018-04-11,0,0,0,0,0,0,0,0,0,0,NA
2018-04-12,0.13,0.09,0.13,0.08,0.21,0.07,0.16,0.12,0.18,0.09,NA
2018-04-13,0.05,0.03,0.07,0.05,0.01,0.01,0.09,0.06,0.05,0.05,NA
2018-04-14,0,0,0,0,0,0,0,0,0,0,NA
2018-04-15,0,0,0,0,0,0,0,0,0.1,0.02,NA
2018-04-16,2.97,0.51,2.69,0.54,2.9,0.59,2.47,0.47,2.4,0.59,NA
2018-04-17,0.04,0.01,0.03,0.01,0.05,0.02,0.01,0.01,0,0,NA
2018-04-18,0,0,0,0,0,0,0,0,0,0,NA
2018-04-19,0.04,0.02,0.02,0.01,0.04,0.03,0.04,0.02,0.02,0.01,NA
2018-04-20,0,0,0,0,0.01,0.01,0,0,0,0,NA
2018-04-21,0,0,0,0,0,0,0,0,0,0,NA
2018-04-22,0,0,0,0,0,0,0,0,0,0,NA
2018-04-23,0,0,0,0,0,0,0,0,0,0,NA
2018-04-24,0,0,0,0,0,0,0,0,0,0,NA
2018-04-25,1.43,0.28,1.23,0.24,2.1,0.44,1.21,0.23,1.31,0.23,NA
2018-04-26,0.47,0.12,0.46,0.13,0.5,0.21,0.36,0.09,0.42,0.14,NA
2018-04-27,0.19,0.07,0,0,0.25,0.11,0.28,0.1,0.21,0.07,NA
2018-04-28,0.01,0.01,0,0,0.01,0.01,0.01,0.01,0,0,NA
2018-04-29,0.01,0.01,0,0,0.01,0.01,0.02,0.01,0.02,0.01,NA
2018-04-30,0,0,0,0,0,0,0,0,0,0,NA
2018-05-01,0,0,0,0,0,0,0,0,0,0,NA
2018-05-02,0,0,0,0,0,0,0,0,0,0,NA
2018-05-03,0.22,0.1,0.22,0.08,0.2,0.08,0.27,0.15,0.3,0.16,NA
2018-05-04,0.01,0.01,0.01,0.01,0.01,0.01,0.01,0.01,0.01,0.01,NA
2018-05-05,0,0,0,0,0.01,0.01,0,0,0,0,NA
2018-05-06,0.05,0.01,0.06,0.02,0.06,0,0.06,0.02,0.05,0.02,NA
2018-05-07,0,0,0,0,0,0,0,0,0,0,NA
2018-05-08,0,0,0,0,0,0,0,0,0,0,NA
2018-05-09,0,0,0,0,0,0,0,0,0,0,NA
2018-05-10,0,0,0,0,0,0,0,0,0,0,NA
2018-05-11,0,0,0,0,0,0,0,0,0,0,NA
2018-05-12,0,0,0,0,0,0,0,0,0,0,NA
2018-05-13,0,0,0,0,0,0,0,0,0,0,NA
2018-05-14,0,0,0,0,0,0,0,0,0,0,NA
2018-05-15,0.07,0.05,0.05,0.03,0.09,0.06,0.07,0.03,0.09,0.05,NA
2018-05-16,0,0,0,0,0,0,0,0,0,0,NA
2018-05-17,0,0,0,0,0,0,0,0,0,0,NA
2018-05-18,0,0,0,0,0,0,0,0,0,0,NA
2018-05-19,0.3,0.11,0.29,0.1,0.32,0.11,0.31,0.11,0.27,0.09,NA
2018-05-20,0.01,0.01,0,0,0,0,0,0,0,0,NA
2018-05-21,0,0,0,0,0,0,0,0,0,0,NA
2018-05-22,0.01,0.01,0.02,0.01,0.01,0.01,0,0,0.03,0.02,NA
2018-05-23,0,0,0,0,0,0,0,0,0,0,NA
2018-05-24,0,0,0,0,0,0,0,0,0,0,NA
2018-05-25,0,0,0,0,0,0,0,0,0,0,NA
2018-05-26,0.01,0.01,0.01,0.01,0.01,0.01,0,0,0.04,0.02,NA
2018-05-27,0,0,0,0,0,0,0,0,0,0,NA
2018-05-28,0,0,0,0,0,0,0,0,0,0,NA
2018-05-29,0,0,0,0,0,0,0,0,0,0,NA
2018-05-30,0,0,0,0,0,0,0,0,0,0,NA
2018-05-31,0,0,0,0,0,0,0,0,0,0,NA
2018-06-01,0,0,0,0,0,0,0,0,0,0,NA
2018-06-02,0,0,0,0,0,0,0,0,0,0,NA
2018-06-03,0,0,0,0,0,0,0,0,0,0,NA
2018-06-04,0.5,0.13,0.42,0.11,0.54,0.17,0.51,0.14,0.4,0.08,NA
2018-06-05,0.04,0.01,0.04,0.01,0.04,0.01,0.03,0.01,0.04,0.01,NA
2018-06-06,0.04,0.04,0.06,0.06,0.04,0.04,0.07,0.05,0.01,0.01,NA
2018-06-07,0,0,0.01,0,0,0,0,0,0,0,NA
2018-06-08,0,0,0,0,0,0,0,0,0,0,NA
2018-06-09,0,0,0,0,0,0,0,0,0,0,NA
2018-06-10,0,0,0,0,0,0,0,0,0,0,NA
2018-06-11,0,0,0,0,0,0,0,0,0,0,NA
2018-06-12,0,0,0,0,0,0,0,0,0,0,NA
2018-06-13,0,0,0,0,0,0,0,0,0,0,NA
2018-06-14,0.13,0.12,0.12,0.11,0.25,0.24,0.1,0.08,0.07,0.06,NA
2018-06-15,0,0,0,0,0,0,0,0,0,0,NA
2018-06-16,0,0,0,0,0,0,0,0,0,0,NA
2018-06-17,0,0,0,0,0,0,0,0,0,0,NA
2018-06-18,1.05,0.62,1.08,0.74,1.09,0.58,0.96,0.58,1.09,0.73,NA
2018-06-19,0.02,0.01,0.03,0.02,0,0,0.04,0.03,0.05,0.05,NA
2018-06-20,0,0,0,0,0,0,0,0,0,0,NA
2018-06-21,0,0,0,0,0,0,0,0,0,0,NA
2018-06-22,0,0,0,0,0,0,0,0,0,0,NA
2018-06-23,0.28,0.18,0.18,0.1,0.23,0.14,0.19,0.12,0.18,0.09,NA
2018-06-24,0.02,0.01,0.01,0.01,0.01,0.01,0,0,0.01,0.01,NA
2018-06-25,0.1,0.04,0.14,0.07,0.04,0.01,0.2,0.02,0.03,0.02,NA
2018-06-26,0,0,0,0,0.01,0.01,0,0,0,0,NA
2018-06-27,0.01,0.01,0,0,0.07,0.04,0,0,0.04,0.03,NA
2018-06-28,1.42,0.23,1.4,0.28,1.39,0.23,1.32,0.19,1.38,0.27,NA
2018-06-29,0.01,0.01,0,0,0.01,0.01,0.01,0.01,0,0,NA
2018-06-30,0,0,0,0,0,0,0,0,0,0,NA
2018-07-01,0.11,0.07,0.08,0.05,0.13,0.07,0.07,0.03,0.05,0.04,NA
2018-07-02,0,0,0,0,0,0,0,0,0,0,NA
2018-07-03,0,0,0,0,0,0,0,0,0,0,NA
2018-07-04,0,0,0,0,0,0,0,0,0,0,NA
2018-07-05,0,0,0,0,0,0,0,0,0,0,NA
2018-07-06,0.03,0.02,0.04,0.02,0.04,0.03,0.07,0.03,0.09,0.04,NA
2018-07-07,0,0,0,0,0,0,0,0,0,0,NA
2018-07-08,0,0,0,0,0,0,0,0,0,0,NA
2018-07-09,0,0,0,0,0,0,0,0,0,0,NA
2018-07-10,0.42,0.42,0.5,0.5,0.46,0.45,0.15,0.13,0,0,NA
2018-07-11,0,0,0,0,0,0,0,0,0,0,NA
2018-07-12,0,0,0,0,0,0,0,0,0,0,NA
2018-07-13,0.01,0.01,0.02,0.01,0.01,0.01,0.09,0.05,0,0,NA
2018-07-14,0,0,0,0,0,0,0,0,0,0,NA
2018-07-15,0,0,0,0,0,0,0,0,0,0,NA
2018-07-16,0,0,0,0,0,0,0,0,0,0,NA
2018-07-17,0.92,0.19,0.79,0.29,0.9,0.31,1,0.49,1.17,0.53,NA
2018-07-18,0,0,0,0,0,0,0.01,0.01,0,0,NA
2018-07-19,0,0,0,0,0,0,0,0,0,0,NA
2018-07-20,0,0,0,0,0,0,0,0,0,0,NA
2018-07-21,0,0,0,0,0,0,0,0,0,0,NA
2018-07-22,0.36,0.15,0.32,0.11,0.27,0.06,0.39,0.13,0.33,0.14,NA
2018-07-23,0.15,0.07,0.15,0.06,0.09,0.04,0.08,0.05,0.07,0.04,NA
2018-07-24,0,0,0,0,0,0,0,0,0,0,NA
2018-07-25,0,0,0,0,0.01,0.01,0,0,0,0,NA
2018-07-26,1.16,0.38,1.05,0.35,1,0.27,1.12,0.41,1.05,0.32,NA
2018-07-27,0.19,0.09,0.76,0.69,0.25,0.17,0.78,0.71,0.68,0.47,NA
2018-07-28,0.17,0.07,0.17,0.08,0.21,0.07,0.17,0.1,0.15,0.08,NA
2018-07-29,0.03,0.02,0.01,0.01,0,0,0.02,0.02,0,0,NA
2018-07-30,0,0,0,0,0,0,0,0,0,0,NA
2018-07-31,0,0,0,0,0,0,0,0,0,0,NA
2018-08-01,1.61,0.75,1.39,0.6,1.2,0.49,0.94,0.41,0.82,0.32,NA
2018-08-02,0.01,0.01,0,0,0,0,0,0,0,0,NA
2018-08-03,1.08,0.97,0.69,0.61,1.05,0.8,0.4,0.3,0.55,0.34,NA
2018-08-04,0.15,0.05,0.49,0.24,0.39,0.34,0.4,0.15,0.61,0.24,NA
2018-08-05,0.01,0.01,0.01,0.01,0,0,0.01,0.01,0,0,NA
2018-08-06,0,0,0,0,0,0,0,0,0,0,NA
2018-08-07,0,0,0,0,0,0,0,0,0,0,NA
2018-08-08,0.04,0.02,0.04,0.04,0.04,0.03,0.05,0.04,0.06,0.03,NA
2018-08-09,0.02,0.01,0.01,0.01,0,0,0.01,0.01,0.01,0.01,NA
2018-08-10,0,0,0,0,0,0,0,0,0,0,NA
2018-08-11,0,0,0,0,0,0,0,0,0,0,NA
2018-08-12,0.3,0.07,0.32,0.07,0.32,0.06,0.32,0.1,0.3,0.08,NA
2018-08-13,0,0,0,0,0,0,0,0,0,0,NA
2018-08-14,0.33,0.22,0.33,0.22,0.27,0.16,0.33,0.22,0.35,0.2,NA
2018-08-15,0,0,0,0,0.01,0.01,0,0,0,0,NA
2018-08-16,0,0,0,0,0,0,0,0,0,0,NA
2018-08-17,0.14,0.1,0.13,0.09,0.29,0.12,0.11,0.1,0.27,0.12,NA
2018-08-18,0.15,0.1,0.17,0.1,0.06,0.06,0.23,0.14,0.1,0.09,NA
2018-08-19,0,0,0,0,0,0,0,0,0,0,NA
2018-08-20,0,0,0,0,0,0,0,0,0,0,NA
2018-08-21,0,0,0,0,0,0,0,0,0,0,NA
2018-08-22,0.86,0.64,0.8,0.6,0.82,0.57,0.87,0.65,0.76,0.53,NA
2018-08-23,0,0,0.01,0.01,0.01,0.01,0,0,0,0,NA
2018-08-24,0,0,0,0,0,0,0,0,0,0,NA
2018-08-25,0,0,0,0,0,0,0,0,0,0,NA
2018-08-26,0,0,0,0,0,0,0,0,0,0,NA
2018-08-27,0,0,0,0,0,0,0,0,0,0,NA
2018-08-28,0,0,0,0,0,0,0,0,0,0,NA
2018-08-29,0.03,0.03,0,0,0.02,0.02,0,0,0,0,NA
2018-08-30,0,0,0,0,0.02,0.02,0,0,0,0,NA
2018-08-31,0,0,0,0,0,0,0,0,0,0,NA
2018-09-01,0,0,0,0,0,0,0,0,0,0,NA
2018-09-02,0,0,0,0,0,0,0,0,0,0,NA
2018-09-03,0,0,0,0,0,0,0,0,0,0,NA
2018-09-04,0,0,0,0,0,0,0,0,0,0,NA
2018-09-05,0,0,0,0,0,0,0,0,0,0,NA
2018-09-06,0.16,0.1,0.19,0.17,0.24,0.2,0.28,0.27,0.37,0.34,NA
2018-09-07,0,0,0,0,0,0,0,0,0,0,NA
2018-09-08,0,0,0,0,0,0,0,0,0,0,NA
2018-09-09,0,0,0,0,0,0,0,0,0,0,NA
2018-09-10,0.31,0.11,0.37,0.13,0.43,0.15,0.38,0.17,0.63,0.23,NA
2018-09-11,2.27,0.46,2.23,0.45,2.19,0.48,2.32,0.51,2.08,0.45,NA
2018-09-12,0,0,0,0,0.01,0.01,0,0,0,0,NA
2018-09-13,0,0,0.02,0.02,0.02,0.01,0.04,0.04,0.04,0,NA
2018-09-14,0.01,0.01,0,0,0,0,0.01,0.01,0,0,NA
2018-09-15,0.01,0.01,0.01,0.01,0.01,0.01,0,0,0,0,NA
2018-09-16,0,0,0,0,0,0,0,0,0,0,NA
2018-09-17,0,0,0,0,0.01,0.01,0,0,0,0,NA
2018-09-18,0.43,0.2,0.43,0.2,0.43,0.23,0.54,0.24,0.54,0.24,NA
2018-09-19,0,0,0,0,0,0,0,0,0,0,NA
2018-12-31,0.02,0.01,0.07,0.03,0.01,0.01,0.09,0.06,0,0,NA
2018-09-21,0,0,0,0,0,0,0,0,0,0,NA
2018-09-22,0,0,0,0,0,0,0.01,0.01,0.01,0.01,NA
2018-09-23,0,0,0,0,0,0,0,0,0,0,NA
2018-09-24,0,0,0,0,0,0,0,0,0,0,NA
2018-09-25,2.22,0.65,1.7,0.5,1.96,0.54,1.6,0.53,1.75,0.5,NA
2018-09-26,0.23,0.11,0.24,0.14,0.12,0.04,0.29,0.16,0.24,0.11,NA
2018-09-27,0.05,0.03,0.06,0.03,0.02,0.02,0.05,0.04,0.03,0.03,NA
2018-09-28,0.03,0.01,0.03,0.01,0.03,0.01,0.03,0.01,0.02,0.02,NA
2018-09-29,0.01,0.01,0,0,0,0,0,0,0,0,NA
2018-09-30,0,0,0,0,0,0,0,0,0,0,NA
2018-10-01,0.24,0.07,0.22,0.06,0.25,0.08,0.21,0.06,0.17,0.07,NA
2018-10-02,1.31,0.28,1.02,0.21,1.4,0.36,1.05,0.21,0.96,0.19,NA
2018-10-03,0.32,0.18,0.28,0.17,0.14,0.09,0.29,0.11,0.34,0.17,NA
2018-10-04,0,0,0,0,0,0,0,0,0,0,NA
2018-10-05,0,0,0,0,0,0,0,0,0,0,NA
2018-10-06,0,0,0,0,0,0,0,0,0,0,NA
2018-10-07,0.01,0.01,0.01,0.01,0,0,0,0,0,0,NA
2018-10-08,0,0,0,0,0,0,0,0,0,0,NA
2018-10-09,0,0,0,0,0,0,0,0,0,0,NA
2018-10-10,0,0,0,0,0,0,0,0,0,0,NA
2018-10-11,0.67,0.12,0.64,0.14,0.74,0.14,0.22,0.02,0.62,0.14,NA
2018-10-12,0.01,0.01,0.03,0.03,0,0,0.13,0.01,0,0,NA
2018-10-13,0.12,0.05,0.11,0.04,0.1,0.03,0.04,0.01,0.11,0.04,NA
2018-10-14,0.01,0.01,0.01,0.01,0.01,0.01,0.03,0.01,0,0,NA
2018-10-15,0,0,0.24,0.11,0.28,0.07,0.04,0.01,0.24,0.03,NA
2018-10-16,0,0,0.06,0.05,0,0,0.05,0.01,0.01,0.01,NA
2018-10-17,0,0,0.01,0.01,0.03,0.02,0.03,0.01,0.01,0.01,NA
2018-10-18,0,0,0.01,0.01,0,0,0.01,0.01,0,0,NA
2018-10-19,0,0,0,0,0,0,0.01,0.01,0,0,NA
2018-10-20,0,0,0,0,0,0,0,0,0,0,NA
2018-10-21,0,0,0,0,0,0,0.01,0,0,0,NA
2018-10-22,0,0,0,0,0,0,0,0,0,0,NA
2018-10-23,0,0,0.32,0.1,0.39,0.15,0,0,0.29,0.13,NA
2018-10-24,0,0,0.14,0.04,0.23,0.13,0,0,0.1,0.04,NA
2018-10-25,0,0,0,0,0,0,0,0,0,0,NA
2018-10-26,0,0,0,0,0,0,0.15,0.04,0,0,NA
2018-10-27,0.88,0.16,1.28,0.19,1.23,0.17,1.29,0.26,1.29,0.21,NA
2018-10-28,0.13,0.03,0.14,0.03,0.1,0.03,0.25,0.05,0.08,0.03,NA
2018-10-29,0.61,0.27,0.64,0.28,0.71,0.35,0.31,0.04,0.71,0.28,NA
2018-10-30,0.01,0.01,0.01,0.01,0,0,0.41,0.06,0,0,NA
2018-10-31,0.02,0.01,0.03,0.02,0.01,0.01,0.01,0.01,0.01,0.01,NA
2018-11-01,0.03,0.01,0.04,0.01,0.03,0.01,0.01,0.01,0.03,0.01,NA
2018-11-02,0.64,0.25,0.62,0.21,0.72,0.18,0.05,0.01,0.76,0.22,NA
2018-11-03,1.77,0.42,1.77,0.43,1.5,0.34,1.27,0.11,1.53,0.42,NA
2018-11-04,0,0,0,0,0,0,0.44,0.04,0,0,NA
2018-11-05,0.17,0.1,0.19,0.12,0.19,0.13,0.29,0.29,0.2,0.11,NA
2018-11-06,0.83,0.23,0.91,0.24,0.98,0.26,0.86,0.19,0.78,0.16,NA
2018-11-07,0.01,0.01,0,0,0,0,0,0,0,0,NA
2018-11-08,0,0,0,0,0,0,0,0,0,0,NA
2018-11-09,0.61,0.18,0.58,0.18,0.8,0.25,0.58,0.19,0.64,0.18,NA
2018-11-10,0.67,0.23,0.63,0.21,0.74,0.29,0.67,0.21,0.55,0.19,NA
2018-11-11,0,0,0,0,0,0,0,0,0,0,NA
2018-11-12,0,0,0,0,0,0,0,0,0,0,NA
2018-11-13,1.41,0.28,1.4,0.26,1.43,0.29,1.6,0.31,1.5,0.26,NA
2018-11-14,0,0,0,0,0,0,0,0,0,0,NA
2018-11-15,0,0,0,0,0,0,0,0,0,0,NA
2018-11-16,0,0,0.01,0.01,0,0,0.05,0.05,1.17,0.12,NA
2018-11-17,0.26,0.05,0.19,0.07,0.59,0.22,0.06,0.05,0,0,NA
2018-11-18,0,0,0,0,0.02,0.01,0,0,0,0,NA
2018-11-19,0.06,0.05,0.12,0.07,0.1,0.06,0.14,0.05,0.13,0.03,NA
2018-11-20,0.08,0.02,0.07,0.01,0,0,0.13,0.02,0.5,0.05,NA
2018-11-21,0.3,0.11,0.23,0.08,0.09,0.02,0.27,0.1,0,0,NA
2018-11-22,0,0,0,0,0,0,0,0,0,0,NA
2018-11-23,0,0,0.01,0.01,0,0,0,0,0,0,NA
2018-11-24,0,0,0.05,0.04,0.04,0.02,0,0,0,0,NA
2018-11-25,0.28,0.08,0.27,0.07,0.37,0.11,0.3,0.08,0.26,0.08,NA
2018-11-26,0.18,0.09,0.32,0.12,0.11,0.07,0.39,0.12,0.41,0.17,NA
2018-11-27,2.24,0.4,1.86,0.37,1.53,0.35,1.6,0.29,1.78,0.34,NA
2018-11-28,0.02,0.01,0.01,0.01,0.5,0.09,0.01,0.01,0.02,0.02,NA
2018-11-29,0,0,0,0,0,0,0,0,0,0,NA
2018-11-30,0,0,0,0,0,0,0,0,0,0,NA
2018-12-01,0,0,0,0,0,0,0,0,0,0,NA
2018-12-02,0.77,0.14,0.77,0.13,0.78,0.16,0.83,0.13,0.78,0.12,NA
2018-12-03,0.01,0.01,0.01,0.01,0.01,0.01,0.01,0.01,0,0,NA
2018-12-04,0,0,0,0,0,0,0,0,0,0,NA
2018-12-05,0,0,0,0,0,0,0,0,0,0,NA
2018-12-06,0,0,0,0,0,0,0,0,0,0,NA
2018-12-07,0,0,0,0,0,0,0,0,0,0,NA
2018-12-08,0,0,0,0,0,0,0,0,0,0,NA
2018-12-09,0,0,0,0,0,0,0,0,0,0,NA
2018-12-10,0,0,0,0,0,0,0,0,0,0,NA
2018-12-11,0,0,0,0,0,0,0,0,0,0,NA
2018-12-12,0,0,0,0,0,0,0,0,0,0,NA
2018-12-13,0,0,0,0,0,0,0,0,0,0,NA
2018-12-14,0,0,0,0,0,0,0,0,0,0,NA
2018-12-15,0,0,0,0,0,0,0,0,0,0,NA
2018-12-16,0,0,0,0,0,0,0.01,0.01,0.05,0.03,NA
2018-12-17,0.36,0.09,0.42,0.11,0.19,0.05,0.44,0.11,0.53,0.16,NA
2018-12-18,0,0,0,0,0.01,0,0,0,0,0,NA
2018-12-19,0.01,0.01,0,0,0,0,0,0,0,0,NA
2018-12-20,0,0,0.02,0.02,0.11,0.03,0,0,0,0,NA
2018-12-21,1.29,0.43,1.13,0.43,1.54,0.47,1.26,0.44,1.29,0.45,NA
2018-12-22,0.02,0.01,0.03,0.01,0.04,0.02,0.03,0.02,0.02,0.02,NA
2018-12-23,0,0,0,0,0,0,0,0,0,0,NA
2018-12-24,0,0,0,0,0,0,0,0,0,0,NA
2018-12-25,0,0,0,0,0,0,0,0,0,0,NA
2018-12-26,0,0,0,0,0,0,0,0,0,0,NA
2018-12-27,0,0,0,0,0,0,0,0,0,0,NA
2018-12-28,0.87,0.31,0.79,0.26,0.36,0.14,0.86,0.19,0.78,0.11,NA
2018-12-29,0,0,0,0,0,0,0,0,0,0,NA
2018-12-30,0,0,0,0,0,0,0,0,0,0,NA
2018-12-31,0.11,0.06,0.12,0.06,0.11,0.07,0.16,0.11,0.2,0.13,NA
2019-01-01,0.9,0.4,0.83,0.29,0.93,0.38,0.93,0.34,0.78,0.18,NA
2019-01-02,0,0,0,0,0,0,0,0,0,0,NA
2019-01-03,0.22,0.19,0.24,0.16,0.16,0.12,0.3,0.17,0.28,0.07,NA
2019-01-04,0,0,0.03,0.03,0.1,0.04,0,0,0,0,NA
2019-01-05,0.14,0.06,0.14,0.05,0.17,0.08,0.13,0.04,0.1,0.03,NA
2019-01-06,0,0,0,0,0,0,0,0,0,0,NA
2019-01-07,0,0,0,0,0,0,0,0,0,0,NA
2019-01-08,0.18,0.15,0.2,0.14,0.13,0.12,0.22,0.17,0.47,0.15,NA
2019-01-09,0.85,0.15,0.91,0.14,0.42,0.09,0.86,0.15,0.49,0.18,NA
2019-01-10,0.05,0.03,0,0,0.03,0.02,0,0,0,0,NA
2019-01-11,0,0,0,0,0,0,0,0,0,0,NA
2019-01-12,0,0,0,0,0,0,0,0,0,0,NA
2019-01-13,0,0,0,0,0,0,0,0,0,0,NA
2019-01-14,0,0,0,0,0,0,0,0,0,0,NA
2019-01-15,0,0,0,0,0.02,0.01,0,0,0,0,NA
2019-01-16,0,0,0,0,0.03,0.01,0,0,0,0,NA
2019-01-17,0,0,0,0,0,0,0.02,0.02,0,0,NA
2019-01-18,0,0,0,0,0,0,0,0,0,0,NA
2019-01-19,0,0,0,0,0,0,0,0,0.04,0.02,NA
2019-01-20,0,0,0,0,0,0,0,0,1.2,0.12,NA
2019-01-21,0,0,0,0,0,0,0,0,0,0,NA
2019-01-22,0,0,0,0,0,0,0,0,0,0,NA
2019-01-23,0.17,0.06,0.48,0.08,0.01,0.01,0.05,0.03,0.01,0.01,NA
2019-01-24,1.46,0.31,1.38,0.29,1.56,0.32,1.61,0.39,1.55,0.35,NA
2019-01-25,0,0,0,0,0.01,0.01,0,0,0,0,NA
2019-01-26,0,0,0,0,0,0,0,0,0,0,NA
2019-01-27,0,0,0,0,0,0,0,0,0,0,NA
2019-01-28,0,0,0,0,0,0,0,0,0,0,NA
2019-01-29,0,0,0,0,0,0,0,0,0.09,0.03,NA
2019-01-30,0.31,0.11,0.41,0.16,0.01,0.01,0.33,0.12,0.52,0.1,NA
2019-01-31,0,0,0,0,0,0,0,0,0,0,NA
2019-02-01,0,0,0,0,0.01,0.01,0,0,0,0,NA
2019-02-02,0,0,0,0,0,0,0,0,0,0,NA
2019-02-03,0,0,0,0,0.04,0.02,0.02,0.01,0,0,NA
2019-02-04,0,0,0,0,0.3,0.11,0,0,0,0,NA
2019-02-05,0,0,0,0,0,0,0,0,0,0,NA
2019-02-06,0,0,0,0,0,0,0,0,0.17,0.08,NA
2019-02-07,0.26,0.11,0.23,0.1,0.29,0.1,0.26,0.1,0.07,0.06,NA
2019-02-08,0.21,0.06,0.22,0.05,0.21,0.05,0.24,0.05,0.19,0.05,NA
2019-02-09,0,0,0,0,0,0,0,0,0,0,NA
2019-02-10,0,0,0,0,0,0,0,0,0,0,NA
2019-02-11,0,0,0,0,0,0,0,0,0,0,NA
2019-02-12,0,0,0,0,0,0,0,0,0.64,0.17,NA
2019-02-13,0.47,0.15,0.56,0.15,0.15,0.1,0.61,0.17,1.15,0.17,NA
2019-02-14,0.19,0.1,0.11,0.1,0.25,0.06,0,0,0,0,NA
2019-02-15,0.24,0.09,0.26,0.1,0.47,0.11,0.02,0.01,0.26,0.09,NA
2019-02-16,0,0,0,0,0.01,0.01,0,0,0,0,NA
2019-02-17,0,0,0,0,0,0,0,0,0,0,NA
2019-02-18,0,0,0,0,0,0,0,0,0.09,0.02,NA
2019-02-19,0.02,0.01,0.04,0.02,0.01,0.01,0,0,0,0,NA
2019-02-20,0,0,0,0,0.01,0.01,0,0,0,0,NA
2019-02-21,0.22,0.2,0.27,0.19,0.01,0.01,0.28,0.2,0.26,0.09,NA
2019-02-22,0,0,0,0,0,0,0,0,0,0,NA
2019-02-23,0,0,0,0,0,0,0,0,0,0,NA
2019-02-24,1.22,0.23,1.08,0.25,1.12,0.19,1.2,0.25,1.05,0.19,NA
2019-02-25,0,0,0,0,0,0,0,0,0,0,NA
2019-02-26,0,0,0,0,0,0,0,0,0,0,NA
2019-02-27,0,0,0,0,0,0,0,0,0.02,0.01,NA
2019-02-28,0.04,0.03,0.04,0.04,0.03,0,0.01,0.01,0.05,0.02,NA
2019-03-01,0,0,0,0,0,0,0,0,0,0,NA
2019-03-02,0,0,0,0,0,0,0,0,0.03,0.01,NA
2019-03-03,0.05,0.04,0.05,0.04,0.02,0.01,0.06,0.05,0.08,0.04,NA
2019-03-04,0.58,0.39,0.61,0.29,0.6,0.31,0.55,0.24,0.61,0.11,NA
2019-03-05,0,0,0,0,0.03,0.02,0,0,0,0,NA
2019-03-06,0,0,0,0,0,0,0,0,0,0,NA
2019-03-07,0,0,0,0,0,0,0,0,0,0,NA
2019-03-08,0,0,0,0,0,0,0,0,0,0,NA
2019-03-09,0,0,0,0,0,0,0,0,0,0,NA
2019-03-10,0.76,0.18,0.55,0.17,0.85,0.3,0.69,0.2,0.64,0.1,NA
2019-03-11,0.01,0.01,0,0,0.04,0.02,0,0,0,0,NA
2019-03-12,0,0,0,0,0,0,0,0,0,0,NA
2019-03-13,0,0,0,0,0,0,0,0,0.11,0.07,NA
2019-03-14,0.11,0.06,0.12,0.07,0.11,0.11,0.14,0.08,0,0,NA
2019-03-15,0.15,0.15,0.11,0.11,0.15,0.15,0.15,0.14,0.14,0.14,NA
2019-03-16,0,0,0.01,0.01,0,0,0,0,0,0,NA
2019-03-17,0,0,0,0,0,0,0,0,0,0,NA
2019-03-18,0,0,0,0,0,0,0,0,0,0,NA
2019-03-19,0,0,0,0,0,0,0,0,0,0,NA
2019-03-20,0,0,0,0,0,0,0,0,0,0,NA
2019-03-21,0,0,0,0,0,0,0,0,0,0,NA
2019-03-22,0.86,0.25,1.01,0.28,1.08,0.4,0.87,0.21,0.77,0.18,NA
2019-03-23,0.05,0.03,0.05,0.03,0.04,0.03,0.03,0.02,0.04,0.02,NA
2019-03-24,0,0,0,0,0,0,0,0,0,0,NA
2019-03-25,0,0,0,0,0,0,0,0,0,0,NA
2019-03-26,0,0,0,0,0,0,0,0,0,0,NA
2019-03-27,0,0,0,0,0,0,0,0,0,0,NA
2019-03-28,0,0,0,0,0,0,0,0,0,0,NA
2019-03-29,0.04,0.03,0.05,0.03,0.06,0.03,0,0,0.04,0.03,NA
2019-03-30,0,0,0,0,0,0,0,0,0,0,NA
2019-03-31,0.27,0.08,0.28,0.09,0.25,0.08,0.29,0.09,0.25,0.09,NA
2019-04-01,0,0,0,0,0,0,0,0,0,0,NA
2019-04-02,0,0,0,0,0,0,0,0,0,0,NA
2019-04-03,0.15,0.03,0.16,0.05,0.21,0.07,0.15,0.04,0.12,0.02,NA
2019-04-04,0,0,0,0,0,0,0,0,0,0,NA
2019-04-05,0.04,0.03,0.04,0.03,0.1,0.07,0.05,0.05,0.09,0.05,NA
2019-04-06,0.12,0.04,0.13,0.05,0.08,0.04,0.14,0.04,0.07,0.03,NA
2019-04-07,0,0,0,0,0,0,0,0,0,0,NA
2019-04-08,0.32,0.05,0.33,0.06,0.39,0.07,0.44,0.06,0.7,0.09,NA
2019-04-09,0.55,0.1,0.6,0.08,0.37,0.05,0.44,0.07,0.17,0.08,NA
2019-04-10,0.16,0.07,0.09,0.03,0.31,0.17,0.02,0.01,0,0,NA
2019-04-11,0,0,0,0,0,0,0,0,0,0,NA
2019-04-12,0,0,0,0,0.01,0.01,0,0,0,0,NA
2019-04-13,0.17,0.08,0.17,0.09,0.16,0.08,0.18,0.07,0.16,0.07,NA
2019-04-14,0.22,0.22,0.25,0.25,0.26,0.22,0.18,0.18,0.26,0.23,NA
2019-04-15,0.78,0.17,0.78,0.18,0.72,0.18,0.8,0.19,0.7,0.18,NA
2019-04-16,0,0,0,0,0,0,0,0,0,0,NA
2019-04-17,0,0,0,0,0,0,0,0,0,0,NA
2019-04-18,0.08,0.04,0.03,0.01,0.07,0.02,0.01,0.01,0.03,0.02,NA
2019-04-19,0.01,0.01,0,0,0,0,0,0,0,0,NA
2019-04-20,0.17,0.11,0.13,0.06,0.2,0.14,0.05,0.02,0.12,0.06,NA
2019-04-21,0.05,0.02,0.05,0.02,0.06,0.01,0,0,0.04,0.02,NA
2019-04-22,0.41,0.11,0.39,0.12,0.44,0.11,0.42,0.14,0.36,0.11,NA
2019-04-23,0.06,0.02,0.06,0.03,0.04,0.02,0.07,0.04,0.05,0.04,NA
2019-04-24,0.2,0.08,0.19,0.09,0.18,0.07,0.21,0.1,0.2,0.1,NA
2019-04-25,0,0,0,0,0,0,0,0,0,0,NA
2019-04-26,0.88,0.26,0.84,0.26,0.94,0.37,0.77,0.24,0.85,0.22,NA
2019-04-27,1.22,0.62,0.95,0.55,1.29,0.61,0.98,0.45,1.22,0.58,NA
2019-04-28,0,0,0,0,0,0,0,0,0,0,NA
2019-04-29,0,0,0,0,0,0,0.01,0.01,0,0,NA
2019-04-30,0.07,0.03,0.06,0.02,0.06,0.03,0.01,0.01,0.05,0.01,NA
2019-05-01,0,0,0.01,0.01,0.3,0.28,0.02,0.01,0.17,0.16,NA
2019-05-02,0.71,0.21,0.7,0.22,0.46,0.2,0.81,0.22,0.38,0.13,NA
2019-05-03,0.22,0.07,0.15,0.06,0.33,0.09,0.17,0.08,0.17,0.07,NA
2019-05-04,0.01,0.01,0.01,0.01,0,0,0,0,0,0,NA
2019-05-05,0,0,0,0,0,0,0,0,0,0,NA
2019-05-06,0,0,0,0,0,0,0.01,0.01,0,0,NA
2019-05-07,0.06,0.03,0.06,0.03,0.07,0.03,0.06,0.03,0.05,0.02,NA
2019-05-08,0,0,0,0,0,0,0.01,0.01,0,0,NA
2019-05-09,0,0,0,0,0,0,0.06,0.05,0,0,NA
2019-05-10,0.39,0.09,0.33,0.07,0.43,0.08,0.42,0.1,0.3,0.07,NA
2019-05-11,0,0,0.01,0.01,0,0,0,0,0,0,NA
2019-05-12,0,0,0,0,0,0,0,0,0,0,NA
2019-05-13,0.07,0.05,0.05,0.04,0.17,0.05,0.05,0.05,0.16,0.09,NA
2019-05-14,0.74,0.22,0.71,0.19,0.63,0.21,0.68,0.17,0.61,0.22,NA
2019-05-15,0,0,0,0,0.01,0.01,0,0,0.01,0.01,NA
2019-05-16,0,0,0,0,0,0,0,0,0,0,NA
2019-05-17,0.17,0.05,0.16,0.07,0.23,0.06,0.18,0.08,0.21,0.09,NA
2019-05-18,0.01,0.01,0.01,0.01,0,0,0,0,0,0,NA
2019-05-19,0.07,0.04,0.02,0.01,0.21,0.09,0.01,0.01,0.05,0.04,NA
2019-05-20,0.16,0.06,0.27,0.17,0.04,0.03,0.18,0.07,0.14,0.11,NA
2019-05-21,0,0,0,0,0,0,0,0,0,0,NA
2019-05-22,0,0,0,0,0,0,0,0,0,0,NA
2019-05-23,0.2,0.17,0.24,0.2,0.23,0.14,0.24,0.2,0.32,0.27,NA
2019-05-24,0.02,0.02,0.02,0.02,0,0,0.07,0.01,0,0,NA
2019-05-25,0,0,0,0,0,0,0,0,0,0,NA
2019-05-26,0.47,0.29,0.58,0.39,0.46,0.29,0.6,0.36,0.53,0.36,NA
2019-05-27,0,0,0,0,0,0,0,0,0,0,NA
2019-05-28,0.93,0.13,0.91,0.13,0.92,0.14,0.13,0.02,0.92,0.17,NA
2019-05-29,0.11,0.04,0.12,0.05,0.07,0.03,0.01,0.01,0.08,0.04,NA
2019-05-30,0,0,0,0,0,0,0,0,0,0,NA
2019-05-31,0,0,0,0,0,0,0,0,0,0,NA
2019-06-01,0,0,0,0,0,0,0,0,0,0,NA
2019-06-02,0.21,0.19,0.18,0.16,0.27,0.18,0,0,0.25,0.2,NA
2019-06-03,0.03,0.02,0.02,0.01,0.01,0.01,0,0,0.01,0.01,NA
2019-06-04,0,0,0,0,0,0,0.16,0.11,0,0,NA
2019-06-05,0.62,0.16,0.49,0.13,0.82,0.23,0.29,0.06,0.41,0.09,NA
2019-06-06,0.88,0.33,0.72,0.18,0.96,0.46,0,0,0.45,0.12,NA
2019-06-07,0.01,0.01,0,0,0,0,0,0,0,0,NA
2019-06-08,0,0,0,0,0,0,0,0,0,0,NA
2019-06-09,0,0,0,0,0,0,0,0,0,0,NA
2019-06-10,0,0,0,0,0,0,0,0,0,0,NA
2019-06-11,1.02,0.37,0.89,0.36,1.07,0.4,0,0,0.97,0.36,NA
2019-06-12,0,0,0,0,0,0,0,0,0,0,NA
2019-06-13,0.72,0.2,0.83,0.28,0.79,0.19,0,0,0.74,0.23,NA
2019-06-14,0.06,0.04,0.1,0.08,0.1,0.05,0,0,0.03,0.03,NA
2019-06-15,0,0,0,0,0,0,0,0,0,0,NA
2019-06-16,0.1,0.03,0.11,0.04,0.12,0.03,0,0,0.19,0.08,NA
2019-06-17,0.02,0.01,0.03,0.03,0,0,0,0,0.01,0.01,NA
2019-06-18,0,0,0,0,0,0,0,0,0,0,NA
2019-06-19,0,0,0,0,0,0,0,0,0,0,NA
2019-06-20,1.17,0.32,1.11,0.38,1.2,0.43,0,0,1.09,0.31,NA
2019-06-21,0.2,0.16,0.3,0.26,0.22,0.18,0,0,0.19,0.16,NA
2019-06-22,0,0,0,0,0,0,0,0,0,0,NA
2019-06-23,0,0,0,0,0,0,0,0,0,0,NA
2019-06-24,0,0,0,0,0,0,0,0,0,0,NA
2019-06-25,0.69,0.26,0.66,0.12,0.81,0.34,0,0,0.67,0.25,NA
2019-06-26,0.03,0.02,0.07,0.06,0.01,0.01,0,0,0,0,NA
2019-06-27,0.05,0.05,0.06,0.06,0.05,0.05,0,0,0.02,0.02,NA
2019-06-28,0.01,0.01,0,0,0,0,0,0,0,0,NA
2019-06-29,0.11,0.06,0.04,0.03,0.19,0.13,0,0,0.61,0.59,NA
2019-06-30,0.22,0.2,0.14,0.13,0.15,0.1,0,0,0.21,0.15,NA
2019-07-01,0,0,0,0,0,0,0,0,0,0,NA
2019-07-02,0,0,0,0,0,0,0,0,0,0,NA
2019-07-03,0,0,0,0,0,0,0,0,0,0,NA
2019-07-04,0,0,0,0,0,0,0,0,0,0,NA
2019-07-05,0,0,0,0,0,0,0,0,0,0,NA
2019-07-06,0.59,0.59,0.54,0.54,0.68,0.48,0,0,0.57,0.45,NA
2019-07-07,0,0,0,0,0,0,0,0,0,0,NA
2019-07-08,0,0,0,0,0,0,0,0,0,0,NA
2019-07-09,0,0,0,0,0,0,0,0,0,0,NA
2019-07-10,0,0,0,0,0,0,0,0,0,0,NA
2019-07-11,0.19,0.1,0,0,0.22,0.09,0,0,0.19,0.08,NA
2019-07-12,1.15,0.35,0,0,1.1,0.36,0,0,0.95,0.41,NA
2019-07-13,0,0,0,0,0,0,0,0,0,0,NA
2019-07-14,0,0,0,0,0,0,0,0,0.01,0.01,NA
2019-07-15,0,0,0,0,0,0,0,0,0,0,NA
2019-07-16,0,0,0,0,0,0,0,0,0,0,NA
2019-07-17,0.02,0,0.03,0.03,0.04,0.04,0,0,0.01,0.01,NA
2019-07-18,0,0,0,0,0,0,0,0,0,0,NA
2019-07-19,0,0,0,0,0,0,0,0,0,0,NA
2019-07-20,0,0,0,0,0,0,0,0,0,0,NA
2019-07-21,0,0,0,0,0,0,0,0,0,0,NA
2019-07-22,0.46,0.14,0.46,0.14,0.55,0.14,0,0,0.58,0.14,NA
2019-07-23,0.36,0.09,0.35,0.09,0.26,0.06,0,0,0.22,0.05,NA
2019-07-24,0,0,0,0,0,0,0,0,0,0,NA
2019-07-25,0,0,0,0,0,0,0,0,0,0,NA
2019-07-26,0,0,0,0,0,0,0,0,0,0,NA
2019-07-27,0,0,0,0,0,0,0,0,0,0,NA
2019-07-28,0,0,0,0,0,0,0,0,0,0,NA
2019-07-29,0,0,0,0,0,0,0,0,0,0,NA
2019-07-30,0,0,0,0,0,0,0,0,0,0,NA
2019-07-31,0,0,0,0,0,0,0,0,0,0,NA
2019-08-01,0,0,0,0,0,0,0,0,0,0,NA
2019-08-02,0,0,0,0,0,0,0,0,0,0,NA
2019-08-03,0,0,0,0,0,0,0,0,0,0,NA
2019-08-04,0,0,0,0,0,0,0,0,0,0,NA
2019-08-05,0,0,0,0,0,0,0,0,0,0,NA
2019-08-06,0,0,0,0,0,0,0,0,0,0,NA
2019-08-07,0.23,0.17,0.11,0.06,0.53,0.32,0.09,0.05,0.4,0.2,NA
2019-08-08,0.44,0.15,0.45,0.16,0.37,0.22,0.52,0.2,0.32,0.13,NA
2019-08-09,0,0,0,0,0.01,0.01,0,0,0,0,NA
2019-08-10,0,0,0,0,0,0,0,0,0,0,NA
2019-08-11,0,0,0,0,0,0,0,0,0,0,NA
2019-08-12,0,0,0,0,0,0,0,0,0,0,NA
2019-08-13,0.35,0.28,0.17,0.12,0.5,0.41,0.23,0.14,0.24,0.14,NA
2019-08-14,0,0,0,0,0,0,0,0,0,0,NA
2019-08-15,0,0,0,0,0,0,0,0,0,0,NA
2019-08-16,0.01,0.01,0.01,0.01,0,0,0,0,0.01,0.01,NA
2019-08-17,0.01,0.01,0,0,0.02,0.01,0.01,0.01,0.02,0.01,NA
2019-08-18,0.19,0.14,0.15,0.09,0.25,0.14,0.09,0.04,0.05,0.05,NA
2019-08-19,0.17,0.12,0.17,0.09,0.32,0.31,0.12,0.11,0.12,0.11,NA
2019-08-20,0,0,0,0,0.01,0.01,0,0,0,0,NA
2019-08-21,1.88,0.82,1.69,0.92,1.99,0.45,1.49,0.59,1.91,0.96,NA
2019-08-22,0.01,0.01,0,0,0,0,0,0,0,0,NA
2019-08-23,0,0,0,0,0,0,0,0,0,0,NA
2019-08-24,0,0,0,0,0,0,0,0,0,0,NA
2019-08-25,0,0,0,0,0,0,0,0,0,0,NA
2019-08-26,0,0,0,0,0,0,0,0,0,0,NA
2019-08-27,0,0,0,0,0,0,0,0,0,0,NA
2019-08-28,0.6,0.25,0.56,0.21,1.31,0.69,0.5,0.23,0.87,0.31,NA
2019-08-29,1.03,0.56,0.82,0.35,0.46,0.27,0.89,0.36,0.53,0.29,NA
2019-08-30,0,0,0,0,0,0,0,0,0,0,NA
2019-08-31,0,0,0,0,0,0,0,0,0,0,NA
2019-09-01,0,0,0,0,0,0,0,0,0,0,0
2019-09-02,0.13,0.04,0.11,0.04,0.1,0.04,0.09,0.04,0.07,0.03,0.08
2019-09-03,0,0,0,0,0,0,0,0,0,0,0
2019-09-04,0.01,0.01,0.03,0.03,0.03,0.03,0.01,0.01,0.03,0.03,0.03
2019-09-05,0,0,0,0,0,0,0,0,0,0,0
2019-09-06,0,0,0,0,0,0,0,0,0,0,0
2019-09-07,0.06,0.02,0.04,0.02,0.1,0.04,0.01,0.01,0.04,0.03,0.02
2019-09-08,0,0,0.01,0.01,0.01,0.01,0.01,0.01,0,0,0
2019-09-09,0.01,0.01,0,0,0,0,0,0,0,0,0
2019-09-10,0,0,0,0,0,0,0,0,0,0,0
2019-09-11,0.06,0.04,0.08,0.04,0.08,0.06,0.04,0.03,0.02,0.01,0.02
2019-09-12,0,0,0,0,0,0,0,0,0,0,0
2019-09-13,0,0,0,0,0,0,0,0,0,0,0
2019-09-14,0,0,0,0,0,0,0,0,0,0,0
2019-09-15,0.01,0.01,0,0,0,0,0,0,0,0,0
2019-09-16,0,0,0,0,0,0,0,0,0,0,0
2019-09-17,0,0,0,0,0,0,0,0,0,0,0
2019-09-18,0,0,0,0,0,0,0,0,0,0,0
2019-09-19,0,0,0,0,0,0,0,0,0,0,0
2019-09-20,0,0,0,0,0,0,0,0,0,0,0
2019-09-21,0,0,0,0,0,0,0,0,0,0,0
2019-09-22,0,0,0,0,0,0,0,0,0,0,0
2019-09-23,0,0,0,0,0,0,0.01,0.01,0.01,0.01,0
2019-09-24,0.12,0.12,0.29,0.29,0.03,0.02,0.03,0.03,0,0,0
2019-09-25,0,0,0,0,0,0,0,0,0,0,0
2019-09-26,0.27,0.1,0.25,0.09,0.27,0.07,0.28,0.1,0.25,0.1,0.26
2019-09-27,0.01,0.01,0.01,0.01,0.01,0.01,0,0,0,0,0.01
2019-09-28,0.01,0.01,0,0,0,0,0,0,0,0,0
2019-09-29,0,0,0,0,0,0,0,0,0,0,0
2019-09-30,0,0,0,0,0,0,0,0,0,0,0
2019-10-01,0.31,0.05,0.29,0.05,0.34,0.05,0.3,0.07,0.18,0.05,0.33
2019-10-02,0.1,0.03,0.08,0.02,0.06,0.02,0.08,0.02,0.04,0.01,0.04
2019-10-03,0,0,0,0,0.03,0.03,0,0,0,0,0.02
2019-10-04,0.2,0.04,0.19,0.04,0.15,0.04,0.2,0.05,0.17,0.04,0.17
2019-10-05,0,0,0,0,0,0,0,0,0,0,0
2019-10-06,0.01,0.01,0.01,0.01,0.01,0.01,0,0,0,0,0
2019-10-07,0.67,0.13,0.63,0.14,0.7,0.14,0.62,0.13,0.55,0.11,0.62
2019-10-08,0.11,0.08,0.1,0.05,0.09,0.07,0.1,0.05,0.06,0.05,7.0000000000000007E-2
2019-10-09,0,0,0,0,0,0,0,0,0,0,0
2019-10-10,0,0,0,0,0,0,0,0,0,0,0
2019-10-11,0,0,0,0,0,0,0,0,0,0,0
2019-10-12,0.03,0.01,0.03,0.01,0.03,0.01,0.02,0.01,0.04,0.02,0.02
2019-10-13,0,0,0,0,0,0,0,0,0,0,0
2019-10-14,0,0,0,0,0,0,0,0,0,0,0
2019-10-15,0,0,0,0,0,0,0,0,0,0,0
2019-10-16,0.01,0.01,0,0,0.05,0.05,0,0,0.06,0.06,0.05
2019-10-17,1.6,0.38,1.33,0.3,1.75,0.45,1.18,0.25,1.19,0.32,1.55
2019-10-18,0,0,0,0,0,0,0.01,0.01,0,0,0
2019-10-19,0,0,0,0,0,0,0,0,0,0,0
2019-10-20,0,0,0,0,0,0,0,0,0,0,0
2019-10-21,0,0,0,0,0,0,0,0,0,0,0
2019-10-22,0.17,0.13,0.12,0.09,0.41,0.22,0.09,0.06,0.31,0.17,0.35
2019-10-23,2.12,0.41,2.07,0.42,1.81,0.34,2.03,0.41,1.74,0.31,1.83
2019-10-24,0.01,0.01,0,0,0,0,0,0,0,0,0
2019-10-25,0.06,0.03,0.05,0.03,0.08,0.04,0.04,0.02,0.05,0.02,0.06
2019-10-26,0.05,0.02,0.06,0.02,0.04,0.01,0.06,0.02,0.03,0.02,0.04
2019-10-27,1.44,0.18,1.29,0.15,1.46,0.14,1.43,0.2,1.35,0.17,1.38
2019-10-28,0.02,0.01,0.01,0.01,0.02,0.01,0.01,0.01,0,0,0.01
2019-10-29,0.07,0.02,0.07,0.02,0.06,0.02,0.05,0.02,0.05,0.02,0.05
2019-10-30,0.06,0.03,0.05,0.03,0.08,0.03,0.04,0.03,0.08,0.03,0.06
2019-10-31,0.34,0.08,0.33,0.06,0.26,0.08,0.4,0.08,0.33,0.06,0.32
2019-11-01,0.09,0.05,0.08,0.05,0.13,0.11,0.13,0.08,0.09,0.07,0.09
2019-11-02,0,0,0,0,0,0,0,0,0,0,0
2019-11-03,0,0,0,0,0,0,0,0,0,0,0
2019-11-04,0,0,0,0,0,0,0,0,0,0,0
2019-11-05,0.28,0.17,0.3,0.19,0.16,0.05,0.3,0.16,0.3,0.16,0.32
2019-11-06,0,0,0,0,0,0,0,0,0,0,0
2019-11-07,0.35,0.06,0.36,0.07,0.37,0.07,0.37,0.07,0.36,0.07,0.35
2019-11-08,0,0,0,0,0,0,0,0,0,0,0.01
2019-11-09,0,0,0,0,0,0,0,0,0,0,0
2019-11-10,0,0,0,0,0,0,0,0,0,0,0
2019-11-11,0.1,0.03,0.1,0.03,0.09,0.04,0.12,0.04,0.13,0.03,7.0000000000000007E-2
2019-11-12,0.03,0.02,0,0,0,0,0.04,0.02,0.08,0.03,0.01
2019-11-13,0,0,0,0,0.01,0.01,0.01,0.01,0,0,0
2019-11-14,0.05,0.02,0.08,0.04,0.01,0.01,0,0,0,0,0
2019-11-15,0,0,0.01,0.01,0.06,0.03,0,0,0,0,0.03
2019-11-16,0,0,0,0,0,0,0,0,0,0,0
2019-11-17,0,0,0,0,0,0,0,0,0,0,0
2019-11-18,0.37,0.07,0.36,0.06,0.37,0.08,0.29,0.05,0.3,0.06,0.32
2019-11-19,0.09,0.05,0.09,0.05,0.08,0.04,0.1,0.05,0.09,0.04,0.09
2019-11-20,0.02,0,0.03,0.01,0.01,0.01,0.02,0.01,0.02,0.01,0.02
2019-11-21,0,0,0.01,0.01,0,0,0,0,0,0,0
2019-11-22,0.11,0.06,0.09,0.05,0.1,0.05,0.08,0.04,0.08,0.03,7.0000000000000007E-2
2019-11-23,0,0,0,0,0,0,0,0,0,0,0
2019-11-24,0.87,0.18,0.84,0.17,0.8,0.16,0.71,0.15,0.78,0.18,0.83
2019-11-25,0,0,0,0,0,0,0,0,0,0,0
2019-11-26,0.01,0.01,0,0,0.01,0.01,0,0,0,0,0
2019-11-27,0.75,0.29,0.79,0.31,0.69,0.27,0.79,0.33,0.73,0.31,0.75
2019-11-28,0.01,0.01,0.01,0.01,0.01,0.01,0,0,0,0,0
2019-11-29,0,0,0,0,0,0,0,0,0,0,0
2019-11-30,0,0,0,0,0,0,0,0,0,0,0
2019-12-01,0,0,0,0,0,0,0,0,0.02,0.01,0
2019-12-02,0.06,0.05,0.07,0.04,0.03,0.02,0,0,0.37,0.07,0.04
2019-12-03,0,0,0,0,0,0,0,0,0.68,0.08,0
2019-12-04,0.35,0.12,0.21,0.07,0,0,0,0,0,0,0.11
2019-12-05,0.02,0.02,0.15,0.04,0.25,0.1,0.01,0.01,0,0,0.03
2019-12-06,0,0,0,0,0,0,0,0,0.03,0.01,0
2019-12-07,0.05,0.05,0.04,0.03,0.08,0.02,0.02,0.02,0,0,0.01
2019-12-08,0,0,0,0,0.01,0.01,0,0,0,0,0
2019-12-09,0.86,0.17,0.76,0.15,1.01,0.17,0.8,0.15,0.76,0.13,0.72
2019-12-10,0.08,0.04,0.06,0.02,0.08,0.04,0.07,0.02,0.05,0.02,0.06
2019-12-11,0.09,0.04,0.16,0.08,0.04,0.03,0.16,0.07,0.16,0.04,0.14000000000000001
2019-12-12,0,0,0,0,0,0,0,0,0,0,0
2019-12-13,0.31,0.11,0.34,0.12,0.28,0.09,0.32,0.12,0.38,0.14,0.35
2019-12-14,3.66,0.51,3.41,0.39,3.32,0.45,3.4,0.4,3.4,0.48,3.76
2019-12-15,0.01,0.01,0,0,0,0,0,0,0,0,0
2019-12-16,0,0,0,0,0,0,0,0,0,0,0
2019-12-17,0,0,0,0,0,0,0,0,0.23,0.03,0
2019-12-18,0.2,0.13,0.19,0.09,0.09,0.06,0.08,0.08,0.01,0.01,0.03
2019-12-19,0,0,0,0,0,0,0,0,0,0,0
2019-12-20,0,0,0,0,0,0,0,0,0,0,0
2019-12-21,0,0,0,0,0.01,0.01,0,0,0,0,0
2019-12-22,0,0,0,0,0.05,0.02,0,0,0,0,0.04
2019-12-23,0,0,0,0,0.04,0.02,0,0,0,0,0.01
2019-12-24,0,0,0,0,0,0,0,0,0,0,0
2019-12-25,0,0,0,0,0,0,0,0,0,0,0
2019-12-26,0,0,0,0,0,0,0,0,0,0,0
2019-12-27,0.02,0.01,0.02,0.02,0.02,0.01,0.02,0.01,0.03,0.03,0.01
2019-12-28,0.01,0.01,0.01,0.01,0.01,0.01,0.01,0.01,0,0,0
2019-12-29,0,0,0,0,0,0,0,0,0.01,0.01,0
2019-12-30,0,0,0,0,0,0,0,0,1.6,0.19,0
2019-12-31,0.15,0.04,0.26,0.06,0.01,0.01,0.53,0.18,0.75,0.1,0
